measure label,year,state,county,fips,perc_seniors_below_poverty_1y2013,numerator,denominator
perc_seniors_below_poverty_1y,2013, Alabama,Baldwin County,1003,,2065,
perc_seniors_below_poverty_1y,2013, Alabama,Calhoun County,1015,,1197,
perc_seniors_below_poverty_1y,2013, Alabama,Cullman County,1043,,1729,
perc_seniors_below_poverty_1y,2013, Alabama,DeKalb County,1049,,1641,
perc_seniors_below_poverty_1y,2013, Alabama,Elmore County,1051,,544,
perc_seniors_below_poverty_1y,2013, Alabama,Etowah County,1055,,2381,
perc_seniors_below_poverty_1y,2013, Alabama,Houston County,1069,,1413,
perc_seniors_below_poverty_1y,2013, Alabama,Jefferson County,1073,0.104752548,9599,91635
perc_seniors_below_poverty_1y,2013, Alabama,Lauderdale County,1077,,772,
perc_seniors_below_poverty_1y,2013, Alabama,Lee County,1081,,1362,
perc_seniors_below_poverty_1y,2013, Alabama,Limestone County,1083,,1318,
perc_seniors_below_poverty_1y,2013, Alabama,Madison County,1089,,3558,
perc_seniors_below_poverty_1y,2013, Alabama,Marshall County,1095,,1590,
perc_seniors_below_poverty_1y,2013, Alabama,Mobile County,1097,,7776,
perc_seniors_below_poverty_1y,2013, Alabama,Montgomery County,1101,,3062,
perc_seniors_below_poverty_1y,2013, Alabama,Morgan County,1103,,1836,
perc_seniors_below_poverty_1y,2013, Alabama,Shelby County,1117,,1151,
perc_seniors_below_poverty_1y,2013, Alabama,St. Clair County,1115,,705,
perc_seniors_below_poverty_1y,2013, Alabama,Talladega County,1121,,851,
perc_seniors_below_poverty_1y,2013, Alabama,Tuscaloosa County,1125,,1459,
perc_seniors_below_poverty_1y,2013, Alabama,Walker County,1127,,971,
perc_seniors_below_poverty_1y,2013, Alaska,Anchorage Municipality,2020,,1423,
perc_seniors_below_poverty_1y,2013, Alaska,Fairbanks North Star Borough,2090,,129,
perc_seniors_below_poverty_1y,2013, Alaska,Matanuska-Susitna Borough,2170,,310,
perc_seniors_below_poverty_1y,2013, Arizona,Apache County,4001,,2698,
perc_seniors_below_poverty_1y,2013, Arizona,Cochise County,4003,,3158,
perc_seniors_below_poverty_1y,2013, Arizona,Coconino County,4005,,1440,
perc_seniors_below_poverty_1y,2013, Arizona,Maricopa County,4013,0.080899023,43535,538140
perc_seniors_below_poverty_1y,2013, Arizona,Mohave County,4015,,3541,
perc_seniors_below_poverty_1y,2013, Arizona,Navajo County,4017,,2369,
perc_seniors_below_poverty_1y,2013, Arizona,Pima County,4019,0.081407383,13924,171041
perc_seniors_below_poverty_1y,2013, Arizona,Pinal County,4021,,5288,
perc_seniors_below_poverty_1y,2013, Arizona,Yavapai County,4025,,5323,
perc_seniors_below_poverty_1y,2013, Arizona,Yuma County,4027,,4477,
perc_seniors_below_poverty_1y,2013, Arkansas,Benton County,5007,,2411,
perc_seniors_below_poverty_1y,2013, Arkansas,Craighead County,5031,,1007,
perc_seniors_below_poverty_1y,2013, Arkansas,Faulkner County,5045,,520,
perc_seniors_below_poverty_1y,2013, Arkansas,Garland County,5051,,2014,
perc_seniors_below_poverty_1y,2013, Arkansas,Jefferson County,5069,,2018,
perc_seniors_below_poverty_1y,2013, Arkansas,Lonoke County,5085,,883,
perc_seniors_below_poverty_1y,2013, Arkansas,Pulaski County,5119,,3498,
perc_seniors_below_poverty_1y,2013, Arkansas,Saline County,5125,,715,
perc_seniors_below_poverty_1y,2013, Arkansas,Sebastian County,5131,,3050,
perc_seniors_below_poverty_1y,2013, Arkansas,Washington County,5143,,1872,
perc_seniors_below_poverty_1y,2013, Arkansas,White County,5145,,1318,
perc_seniors_below_poverty_1y,2013, California,Alameda County,6001,0.080356769,15442,192168
perc_seniors_below_poverty_1y,2013, California,Butte County,6007,,2854,
perc_seniors_below_poverty_1y,2013, California,Contra Costa County,6013,0.06789013,10262,151156
perc_seniors_below_poverty_1y,2013, California,El Dorado County,6017,,2532,
perc_seniors_below_poverty_1y,2013, California,Fresno County,6019,0.122858271,12742,103713
perc_seniors_below_poverty_1y,2013, California,Humboldt County,6023,,1465,
perc_seniors_below_poverty_1y,2013, California,Imperial County,6025,,3538,
perc_seniors_below_poverty_1y,2013, California,Kern County,6029,0.107390285,8944,83285
perc_seniors_below_poverty_1y,2013, California,Kings County,6031,,1144,
perc_seniors_below_poverty_1y,2013, California,Lake County,6033,,842,
perc_seniors_below_poverty_1y,2013, California,Los Angeles County,6037,0.134114757,159204,1187073
perc_seniors_below_poverty_1y,2013, California,Madera County,6039,,3364,
perc_seniors_below_poverty_1y,2013, California,Marin County,6041,,2600,
perc_seniors_below_poverty_1y,2013, California,Mendocino County,6045,,1623,
perc_seniors_below_poverty_1y,2013, California,Merced County,6047,,3744,
perc_seniors_below_poverty_1y,2013, California,Monterey County,6053,,6007,
perc_seniors_below_poverty_1y,2013, California,Napa County,6055,,1830,
perc_seniors_below_poverty_1y,2013, California,Nevada County,6057,,823,
perc_seniors_below_poverty_1y,2013, California,Orange County,6059,0.090681538,36011,397115
perc_seniors_below_poverty_1y,2013, California,Placer County,6061,,4571,
perc_seniors_below_poverty_1y,2013, California,Riverside County,6065,0.090835139,26689,293818
perc_seniors_below_poverty_1y,2013, California,Sacramento County,6067,0.101938009,18515,181630
perc_seniors_below_poverty_1y,2013, California,San Bernardino County,6071,0.116955198,24422,208815
perc_seniors_below_poverty_1y,2013, California,San Diego County,6073,0.091250665,36162,396293
perc_seniors_below_poverty_1y,2013, California,San Francisco County,6075,0.155071691,18474,119132
perc_seniors_below_poverty_1y,2013, California,San Joaquin County,6077,0.111474268,8970,80467
perc_seniors_below_poverty_1y,2013, California,San Luis Obispo County,6079,,2539,
perc_seniors_below_poverty_1y,2013, California,San Mateo County,6081,0.066336259,7134,107543
perc_seniors_below_poverty_1y,2013, California,Santa Barbara County,6083,,4446,
perc_seniors_below_poverty_1y,2013, California,Santa Clara County,6085,0.083541833,18632,223026
perc_seniors_below_poverty_1y,2013, California,Santa Cruz County,6087,,2226,
perc_seniors_below_poverty_1y,2013, California,Shasta County,6089,,2558,
perc_seniors_below_poverty_1y,2013, California,Solano County,6095,,3571,
perc_seniors_below_poverty_1y,2013, California,Sonoma County,6097,,4242,
perc_seniors_below_poverty_1y,2013, California,Stanislaus County,6099,,5903,
perc_seniors_below_poverty_1y,2013, California,Sutter County,6101,,543,
perc_seniors_below_poverty_1y,2013, California,Tulare County,6107,,5226,
perc_seniors_below_poverty_1y,2013, California,Ventura County,6111,0.06333787,6931,109429
perc_seniors_below_poverty_1y,2013, California,Yolo County,6113,,2666,
perc_seniors_below_poverty_1y,2013, California,Yuba County,6115,,352,
perc_seniors_below_poverty_1y,2013, Colorado,Adams County,8001,,4520,
perc_seniors_below_poverty_1y,2013, Colorado,Arapahoe County,8005,0.059183322,4122,69648
perc_seniors_below_poverty_1y,2013, Colorado,Boulder County,8013,,2331,
perc_seniors_below_poverty_1y,2013, Colorado,Denver County,8031,0.098092332,6808,69404
perc_seniors_below_poverty_1y,2013, Colorado,Douglas County,8035,,1010,
perc_seniors_below_poverty_1y,2013, Colorado,El Paso County,8041,0.064023547,4633,72364
perc_seniors_below_poverty_1y,2013, Colorado,Jefferson County,8059,0.043937273,3421,77861
perc_seniors_below_poverty_1y,2013, Colorado,Larimer County,8069,,1998,
perc_seniors_below_poverty_1y,2013, Colorado,Mesa County,8077,,2117,
perc_seniors_below_poverty_1y,2013, Colorado,Pueblo County,8101,,3155,
perc_seniors_below_poverty_1y,2013, Colorado,Weld County,8123,,1755,
perc_seniors_below_poverty_1y,2013, Connecticut,Fairfield County,9001,0.074183352,9906,133534
perc_seniors_below_poverty_1y,2013, Connecticut,Hartford County,9003,0.081705011,11315,138486
perc_seniors_below_poverty_1y,2013, Connecticut,Litchfield County,9005,,1669,
perc_seniors_below_poverty_1y,2013, Connecticut,Middlesex County,9007,,1663,
perc_seniors_below_poverty_1y,2013, Connecticut,New Haven County,9009,0.08182314,10809,132102
perc_seniors_below_poverty_1y,2013, Connecticut,New London County,9011,,1936,
perc_seniors_below_poverty_1y,2013, Connecticut,Tolland County,9013,,462,
perc_seniors_below_poverty_1y,2013, Connecticut,Windham County,9015,,844,
perc_seniors_below_poverty_1y,2013, Delaware,Kent County,10001,,1724,
perc_seniors_below_poverty_1y,2013, Delaware,New Castle County,10003,0.070563614,5192,73579
perc_seniors_below_poverty_1y,2013, Delaware,Sussex County,10005,,3417,
perc_seniors_below_poverty_1y,2013, District of Columbia,District of Columbia,11001,0.16872406,12479,73961
perc_seniors_below_poverty_1y,2013, Florida,Alachua County,12001,,3190,
perc_seniors_below_poverty_1y,2013, Florida,Bay County,12005,,1929,
perc_seniors_below_poverty_1y,2013, Florida,Brevard County,12009,0.083722919,10190,121711
perc_seniors_below_poverty_1y,2013, Florida,Broward County,12011,0.139453575,38567,276558
perc_seniors_below_poverty_1y,2013, Florida,Charlotte County,12015,,3993,
perc_seniors_below_poverty_1y,2013, Florida,Citrus County,12017,,4647,
perc_seniors_below_poverty_1y,2013, Florida,Clay County,12019,,936,
perc_seniors_below_poverty_1y,2013, Florida,Collier County,12021,,7490,
perc_seniors_below_poverty_1y,2013, Florida,Columbia County,12023,,972,
perc_seniors_below_poverty_1y,2013, Florida,Duval County,12031,0.095017776,10371,109148
perc_seniors_below_poverty_1y,2013, Florida,Escambia County,12033,,3550,
perc_seniors_below_poverty_1y,2013, Florida,Flagler County,12035,,2246,
perc_seniors_below_poverty_1y,2013, Florida,Hernando County,12053,,4019,
perc_seniors_below_poverty_1y,2013, Florida,Highlands County,12055,,3443,
perc_seniors_below_poverty_1y,2013, Florida,Hillsborough County,12057,0.103861593,17157,165191
perc_seniors_below_poverty_1y,2013, Florida,Indian River County,12061,,2190,
perc_seniors_below_poverty_1y,2013, Florida,Lake County,12069,,6207,
perc_seniors_below_poverty_1y,2013, Florida,Lee County,12071,0.065571442,11092,169159
perc_seniors_below_poverty_1y,2013, Florida,Leon County,12073,,1847,
perc_seniors_below_poverty_1y,2013, Florida,Manatee County,12081,,5620,
perc_seniors_below_poverty_1y,2013, Florida,Marion County,12083,,9404,
perc_seniors_below_poverty_1y,2013, Florida,Martin County,12085,,3209,
perc_seniors_below_poverty_1y,2013, Florida,Miami-Dade County,12086,0.220020205,86051,391105
perc_seniors_below_poverty_1y,2013, Florida,Monroe County,12087,,1979,
perc_seniors_below_poverty_1y,2013, Florida,Nassau County,12089,,1168,
perc_seniors_below_poverty_1y,2013, Florida,Okaloosa County,12091,,2025,
perc_seniors_below_poverty_1y,2013, Florida,Orange County,12095,0.108884595,13981,128402
perc_seniors_below_poverty_1y,2013, Florida,Osceola County,12097,,4829,
perc_seniors_below_poverty_1y,2013, Florida,Palm Beach County,12099,0.089436196,27584,308421
perc_seniors_below_poverty_1y,2013, Florida,Pasco County,12101,,8571,
perc_seniors_below_poverty_1y,2013, Florida,Pinellas County,12103,0.088889316,18652,209834
perc_seniors_below_poverty_1y,2013, Florida,Polk County,12105,0.109219916,13007,119090
perc_seniors_below_poverty_1y,2013, Florida,Putnam County,12107,,2649,
perc_seniors_below_poverty_1y,2013, Florida,Santa Rosa County,12113,,1833,
perc_seniors_below_poverty_1y,2013, Florida,Sarasota County,12115,,8778,
perc_seniors_below_poverty_1y,2013, Florida,Seminole County,12117,,4468,
perc_seniors_below_poverty_1y,2013, Florida,St. Johns County,12109,,2373,
perc_seniors_below_poverty_1y,2013, Florida,St. Lucie County,12111,,6560,
perc_seniors_below_poverty_1y,2013, Florida,Sumter County,12119,,3529,
perc_seniors_below_poverty_1y,2013, Florida,Volusia County,12127,0.06393303,7339,114792
perc_seniors_below_poverty_1y,2013, Georgia,Barrow County,13013,,564,
perc_seniors_below_poverty_1y,2013, Georgia,Bartow County,13015,,2227,
perc_seniors_below_poverty_1y,2013, Georgia,Bibb County,13021,,2258,
perc_seniors_below_poverty_1y,2013, Georgia,Bulloch County,13031,,948,
perc_seniors_below_poverty_1y,2013, Georgia,Carroll County,13045,,1258,
perc_seniors_below_poverty_1y,2013, Georgia,Catoosa County,13047,,873,
perc_seniors_below_poverty_1y,2013, Georgia,Chatham County,13051,,3536,
perc_seniors_below_poverty_1y,2013, Georgia,Cherokee County,13057,,1466,
perc_seniors_below_poverty_1y,2013, Georgia,Clarke County,13059,,1164,
perc_seniors_below_poverty_1y,2013, Georgia,Clayton County,13063,,1804,
perc_seniors_below_poverty_1y,2013, Georgia,Cobb County,13067,0.080650933,5863,72696
perc_seniors_below_poverty_1y,2013, Georgia,Columbia County,13073,,813,
perc_seniors_below_poverty_1y,2013, Georgia,Coweta County,13077,,1088,
perc_seniors_below_poverty_1y,2013, Georgia,DeKalb County,13089,0.110609032,7833,70817
perc_seniors_below_poverty_1y,2013, Georgia,Dougherty County,13095,,1867,
perc_seniors_below_poverty_1y,2013, Georgia,Douglas County,13097,,1196,
perc_seniors_below_poverty_1y,2013, Georgia,Fayette County,13113,,481,
perc_seniors_below_poverty_1y,2013, Georgia,Floyd County,13115,,1940,
perc_seniors_below_poverty_1y,2013, Georgia,Forsyth County,13117,,1220,
perc_seniors_below_poverty_1y,2013, Georgia,Fulton County,13121,0.115756117,11469,99079
perc_seniors_below_poverty_1y,2013, Georgia,Glynn County,13127,,1379,
perc_seniors_below_poverty_1y,2013, Georgia,Gwinnett County,13135,0.079785429,5637,70652
perc_seniors_below_poverty_1y,2013, Georgia,Hall County,13139,,2855,
perc_seniors_below_poverty_1y,2013, Georgia,Henry County,13151,,1747,
perc_seniors_below_poverty_1y,2013, Georgia,Houston County,13153,,1416,
perc_seniors_below_poverty_1y,2013, Georgia,Liberty County,13179,,673,
perc_seniors_below_poverty_1y,2013, Georgia,Lowndes County,13185,,1484,
perc_seniors_below_poverty_1y,2013, Georgia,Muscogee County,13215,,2999,
perc_seniors_below_poverty_1y,2013, Georgia,Newton County,13217,,994,
perc_seniors_below_poverty_1y,2013, Georgia,Paulding County,13223,,1000,
perc_seniors_below_poverty_1y,2013, Georgia,Richmond County,13245,,2092,
perc_seniors_below_poverty_1y,2013, Georgia,Rockdale County,13247,,1003,
perc_seniors_below_poverty_1y,2013, Georgia,Troup County,13285,,1568,
perc_seniors_below_poverty_1y,2013, Georgia,Walker County,13295,,455,
perc_seniors_below_poverty_1y,2013, Georgia,Walton County,13297,,598,
perc_seniors_below_poverty_1y,2013, Georgia,Whitfield County,13313,,1303,
perc_seniors_below_poverty_1y,2013, Hawaii,Hawaii County,15001,,3087,
perc_seniors_below_poverty_1y,2013, Hawaii,Honolulu County,15003,0.065908134,10056,152576
perc_seniors_below_poverty_1y,2013, Hawaii,Kauai County,15007,,833,
perc_seniors_below_poverty_1y,2013, Hawaii,Maui County,15009,,1465,
perc_seniors_below_poverty_1y,2013, Idaho,Ada County,16001,,5132,
perc_seniors_below_poverty_1y,2013, Idaho,Bannock County,16005,,1211,
perc_seniors_below_poverty_1y,2013, Idaho,Bonneville County,16019,,700,
perc_seniors_below_poverty_1y,2013, Idaho,Canyon County,16027,,2159,
perc_seniors_below_poverty_1y,2013, Idaho,Kootenai County,16055,,656,
perc_seniors_below_poverty_1y,2013, Idaho,Twin Falls County,16083,,1085,
perc_seniors_below_poverty_1y,2013, Illinois,Adams County,17001,,1406,
perc_seniors_below_poverty_1y,2013, Illinois,Champaign County,17019,,1212,
perc_seniors_below_poverty_1y,2013, Illinois,Cook County,17031,0.116547242,77439,664443
perc_seniors_below_poverty_1y,2013, Illinois,DeKalb County,17037,,782,
perc_seniors_below_poverty_1y,2013, Illinois,DuPage County,17043,0.05493933,6642,120897
perc_seniors_below_poverty_1y,2013, Illinois,Kane County,17089,,4118,
perc_seniors_below_poverty_1y,2013, Illinois,Kankakee County,17091,,1609,
perc_seniors_below_poverty_1y,2013, Illinois,Kendall County,17093,,338,
perc_seniors_below_poverty_1y,2013, Illinois,LaSalle County,17099,,1060,
perc_seniors_below_poverty_1y,2013, Illinois,Lake County,17097,0.052812733,4373,82802
perc_seniors_below_poverty_1y,2013, Illinois,Macon County,17115,,1917,
perc_seniors_below_poverty_1y,2013, Illinois,Madison County,17119,,2898,
perc_seniors_below_poverty_1y,2013, Illinois,McHenry County,17111,,1664,
perc_seniors_below_poverty_1y,2013, Illinois,McLean County,17113,,1230,
perc_seniors_below_poverty_1y,2013, Illinois,Peoria County,17143,,1853,
perc_seniors_below_poverty_1y,2013, Illinois,Rock Island County,17161,,1905,
perc_seniors_below_poverty_1y,2013, Illinois,Sangamon County,17167,,1585,
perc_seniors_below_poverty_1y,2013, Illinois,St. Clair County,17163,,2496,
perc_seniors_below_poverty_1y,2013, Illinois,Tazewell County,17179,,1213,
perc_seniors_below_poverty_1y,2013, Illinois,Vermilion County,17183,,1108,
perc_seniors_below_poverty_1y,2013, Illinois,Will County,17197,0.062914267,4613,73322
perc_seniors_below_poverty_1y,2013, Illinois,Williamson County,17199,,305,
perc_seniors_below_poverty_1y,2013, Illinois,Winnebago County,17201,,3134,
perc_seniors_below_poverty_1y,2013, Indiana,Allen County,18003,,2957,
perc_seniors_below_poverty_1y,2013, Indiana,Bartholomew County,18005,,728,
perc_seniors_below_poverty_1y,2013, Indiana,Clark County,18019,,1000,
perc_seniors_below_poverty_1y,2013, Indiana,Delaware County,18035,,1388,
perc_seniors_below_poverty_1y,2013, Indiana,Elkhart County,18039,,1963,
perc_seniors_below_poverty_1y,2013, Indiana,Floyd County,18043,,1086,
perc_seniors_below_poverty_1y,2013, Indiana,Grant County,18053,,733,
perc_seniors_below_poverty_1y,2013, Indiana,Hamilton County,18057,,841,
perc_seniors_below_poverty_1y,2013, Indiana,Hancock County,18059,,593,
perc_seniors_below_poverty_1y,2013, Indiana,Hendricks County,18063,,543,
perc_seniors_below_poverty_1y,2013, Indiana,Howard County,18067,,794,
perc_seniors_below_poverty_1y,2013, Indiana,Johnson County,18081,,795,
perc_seniors_below_poverty_1y,2013, Indiana,Kosciusko County,18085,,810,
perc_seniors_below_poverty_1y,2013, Indiana,LaPorte County,18091,,1180,
perc_seniors_below_poverty_1y,2013, Indiana,Lake County,18089,,5773,
perc_seniors_below_poverty_1y,2013, Indiana,Madison County,18095,,1333,
perc_seniors_below_poverty_1y,2013, Indiana,Marion County,18097,0.112711385,11637,103246
perc_seniors_below_poverty_1y,2013, Indiana,Monroe County,18105,,845,
perc_seniors_below_poverty_1y,2013, Indiana,Morgan County,18109,,1031,
perc_seniors_below_poverty_1y,2013, Indiana,Porter County,18127,,951,
perc_seniors_below_poverty_1y,2013, Indiana,St. Joseph County,18141,,3618,
perc_seniors_below_poverty_1y,2013, Indiana,Tippecanoe County,18157,,961,
perc_seniors_below_poverty_1y,2013, Indiana,Vanderburgh County,18163,,2267,
perc_seniors_below_poverty_1y,2013, Indiana,Vigo County,18167,,1648,
perc_seniors_below_poverty_1y,2013, Indiana,Wayne County,18177,,1477,
perc_seniors_below_poverty_1y,2013, Iowa,Black Hawk County,19013,,809,
perc_seniors_below_poverty_1y,2013, Iowa,Dallas County,19049,,552,
perc_seniors_below_poverty_1y,2013, Iowa,Dubuque County,19061,,1297,
perc_seniors_below_poverty_1y,2013, Iowa,Johnson County,19103,,515,
perc_seniors_below_poverty_1y,2013, Iowa,Linn County,19113,,2018,
perc_seniors_below_poverty_1y,2013, Iowa,Polk County,19153,,4853,
perc_seniors_below_poverty_1y,2013, Iowa,Pottawattamie County,19155,,979,
perc_seniors_below_poverty_1y,2013, Iowa,Scott County,19163,,2024,
perc_seniors_below_poverty_1y,2013, Iowa,Story County,19169,,678,
perc_seniors_below_poverty_1y,2013, Iowa,Woodbury County,19193,,1260,
perc_seniors_below_poverty_1y,2013, Kansas,Butler County,20015,,800,
perc_seniors_below_poverty_1y,2013, Kansas,Douglas County,20045,,516,
perc_seniors_below_poverty_1y,2013, Kansas,Johnson County,20091,0.051054481,3532,69181
perc_seniors_below_poverty_1y,2013, Kansas,Leavenworth County,20103,,417,
perc_seniors_below_poverty_1y,2013, Kansas,Riley County,20161,,338,
perc_seniors_below_poverty_1y,2013, Kansas,Sedgwick County,20173,,4620,
perc_seniors_below_poverty_1y,2013, Kansas,Shawnee County,20177,,2324,
perc_seniors_below_poverty_1y,2013, Kansas,Wyandotte County,20209,,2210,
perc_seniors_below_poverty_1y,2013, Kentucky,Boone County,21015,,543,
perc_seniors_below_poverty_1y,2013, Kentucky,Bullitt County,21029,,786,
perc_seniors_below_poverty_1y,2013, Kentucky,Campbell County,21037,,1446,
perc_seniors_below_poverty_1y,2013, Kentucky,Christian County,21047,,995,
perc_seniors_below_poverty_1y,2013, Kentucky,Daviess County,21059,,1293,
perc_seniors_below_poverty_1y,2013, Kentucky,Fayette County,21067,,2956,
perc_seniors_below_poverty_1y,2013, Kentucky,Hardin County,21093,,1071,
perc_seniors_below_poverty_1y,2013, Kentucky,Jefferson County,21111,0.073635228,7880,107014
perc_seniors_below_poverty_1y,2013, Kentucky,Kenton County,21117,,1635,
perc_seniors_below_poverty_1y,2013, Kentucky,Madison County,21151,,1661,
perc_seniors_below_poverty_1y,2013, Kentucky,McCracken County,21145,,1180,
perc_seniors_below_poverty_1y,2013, Kentucky,Pike County,21195,,1296,
perc_seniors_below_poverty_1y,2013, Kentucky,Warren County,21227,,587,
perc_seniors_below_poverty_1y,2013, Louisiana,Ascension Parish,22005,,719,
perc_seniors_below_poverty_1y,2013, Louisiana,Bossier Parish,22015,,1751,
perc_seniors_below_poverty_1y,2013, Louisiana,Caddo Parish,22017,,4162,
perc_seniors_below_poverty_1y,2013, Louisiana,Calcasieu Parish,22019,,1965,
perc_seniors_below_poverty_1y,2013, Louisiana,East Baton Rouge Parish,22033,,5174,
perc_seniors_below_poverty_1y,2013, Louisiana,Iberia Parish,22045,,939,
perc_seniors_below_poverty_1y,2013, Louisiana,Jefferson Parish,22051,,5344,
perc_seniors_below_poverty_1y,2013, Louisiana,Lafayette Parish,22055,,2662,
perc_seniors_below_poverty_1y,2013, Louisiana,Lafourche Parish,22057,,1402,
perc_seniors_below_poverty_1y,2013, Louisiana,Livingston Parish,22063,,2432,
perc_seniors_below_poverty_1y,2013, Louisiana,Orleans Parish,22071,,7250,
perc_seniors_below_poverty_1y,2013, Louisiana,Ouachita Parish,22073,,2086,
perc_seniors_below_poverty_1y,2013, Louisiana,Rapides Parish,22079,,2031,
perc_seniors_below_poverty_1y,2013, Louisiana,St. Landry Parish,22097,,1972,
perc_seniors_below_poverty_1y,2013, Louisiana,St. Tammany Parish,22103,,3248,
perc_seniors_below_poverty_1y,2013, Louisiana,Tangipahoa Parish,22105,,2675,
perc_seniors_below_poverty_1y,2013, Louisiana,Terrebonne Parish,22109,,1920,
perc_seniors_below_poverty_1y,2013, Maine,Androscoggin County,23001,,1694,
perc_seniors_below_poverty_1y,2013, Maine,Aroostook County,23003,,1722,
perc_seniors_below_poverty_1y,2013, Maine,Cumberland County,23005,,4058,
perc_seniors_below_poverty_1y,2013, Maine,Kennebec County,23011,,2261,
perc_seniors_below_poverty_1y,2013, Maine,Penobscot County,23019,,2114,
perc_seniors_below_poverty_1y,2013, Maine,York County,23031,,2801,
perc_seniors_below_poverty_1y,2013, Maryland,Allegany County,24001,,1235,
perc_seniors_below_poverty_1y,2013, Maryland,Anne Arundel County,24003,0.054114405,3926,72550
perc_seniors_below_poverty_1y,2013, Maryland,Baltimore County,24005,0.07401029,9454,127739
perc_seniors_below_poverty_1y,2013, Maryland,Baltimore city,24510,0.159638837,11952,74869
perc_seniors_below_poverty_1y,2013, Maryland,Calvert County,24009,,1100,
perc_seniors_below_poverty_1y,2013, Maryland,Carroll County,24013,,1462,
perc_seniors_below_poverty_1y,2013, Maryland,Cecil County,24015,,899,
perc_seniors_below_poverty_1y,2013, Maryland,Charles County,24017,,1437,
perc_seniors_below_poverty_1y,2013, Maryland,Frederick County,24021,,2165,
perc_seniors_below_poverty_1y,2013, Maryland,Harford County,24025,,2298,
perc_seniors_below_poverty_1y,2013, Maryland,Howard County,24027,,1004,
perc_seniors_below_poverty_1y,2013, Maryland,Montgomery County,24031,0.069691628,9449,135583
perc_seniors_below_poverty_1y,2013, Maryland,Prince George's County,24033,0.069891863,6741,96449
perc_seniors_below_poverty_1y,2013, Maryland,St. Mary's County,24037,,744,
perc_seniors_below_poverty_1y,2013, Maryland,Washington County,24043,,1608,
perc_seniors_below_poverty_1y,2013, Maryland,Wicomico County,24045,,1252,
perc_seniors_below_poverty_1y,2013, Massachusetts,Barnstable County,25001,,3503,
perc_seniors_below_poverty_1y,2013, Massachusetts,Berkshire County,25003,,2610,
perc_seniors_below_poverty_1y,2013, Massachusetts,Bristol County,25005,0.109435156,9352,85457
perc_seniors_below_poverty_1y,2013, Massachusetts,Essex County,25009,0.086816944,10087,116187
perc_seniors_below_poverty_1y,2013, Massachusetts,Franklin County,25011,,930,
perc_seniors_below_poverty_1y,2013, Massachusetts,Hampden County,25013,,5665,
perc_seniors_below_poverty_1y,2013, Massachusetts,Hampshire County,25015,,2003,
perc_seniors_below_poverty_1y,2013, Massachusetts,Middlesex County,25017,0.064970985,13952,214742
perc_seniors_below_poverty_1y,2013, Massachusetts,Norfolk County,25021,0.065382183,6926,105931
perc_seniors_below_poverty_1y,2013, Massachusetts,Plymouth County,25023,0.050396405,3992,79212
perc_seniors_below_poverty_1y,2013, Massachusetts,Suffolk County,25025,0.174702242,14360,82197
perc_seniors_below_poverty_1y,2013, Massachusetts,Worcester County,25027,0.086477734,9667,111786
perc_seniors_below_poverty_1y,2013, Michigan,Allegan County,26005,,1501,
perc_seniors_below_poverty_1y,2013, Michigan,Bay County,26017,,1840,
perc_seniors_below_poverty_1y,2013, Michigan,Berrien County,26021,,2487,
perc_seniors_below_poverty_1y,2013, Michigan,Calhoun County,26025,,1621,
perc_seniors_below_poverty_1y,2013, Michigan,Clinton County,26037,,416,
perc_seniors_below_poverty_1y,2013, Michigan,Eaton County,26045,,1268,
perc_seniors_below_poverty_1y,2013, Michigan,Genesee County,26049,,4445,
perc_seniors_below_poverty_1y,2013, Michigan,Grand Traverse County,26055,,674,
perc_seniors_below_poverty_1y,2013, Michigan,Ingham County,26065,,2041,
perc_seniors_below_poverty_1y,2013, Michigan,Isabella County,26073,,842,
perc_seniors_below_poverty_1y,2013, Michigan,Jackson County,26075,,1741,
perc_seniors_below_poverty_1y,2013, Michigan,Kalamazoo County,26077,,2539,
perc_seniors_below_poverty_1y,2013, Michigan,Kent County,26081,0.077060908,5720,74227
perc_seniors_below_poverty_1y,2013, Michigan,Lapeer County,26087,,470,
perc_seniors_below_poverty_1y,2013, Michigan,Lenawee County,26091,,1342,
perc_seniors_below_poverty_1y,2013, Michigan,Livingston County,26093,,899,
perc_seniors_below_poverty_1y,2013, Michigan,Macomb County,26099,0.068571866,8926,130170
perc_seniors_below_poverty_1y,2013, Michigan,Marquette County,26103,,929,
perc_seniors_below_poverty_1y,2013, Michigan,Midland County,26111,,1251,
perc_seniors_below_poverty_1y,2013, Michigan,Monroe County,26115,,770,
perc_seniors_below_poverty_1y,2013, Michigan,Muskegon County,26121,,3107,
perc_seniors_below_poverty_1y,2013, Michigan,Oakland County,26125,0.067191914,12076,179724
perc_seniors_below_poverty_1y,2013, Michigan,Ottawa County,26139,,1629,
perc_seniors_below_poverty_1y,2013, Michigan,Saginaw County,26145,,2587,
perc_seniors_below_poverty_1y,2013, Michigan,Shiawassee County,26155,,600,
perc_seniors_below_poverty_1y,2013, Michigan,St. Clair County,26147,,2220,
perc_seniors_below_poverty_1y,2013, Michigan,Van Buren County,26159,,922,
perc_seniors_below_poverty_1y,2013, Michigan,Washtenaw County,26161,,2483,
perc_seniors_below_poverty_1y,2013, Michigan,Wayne County,26163,0.128489971,30917,240618
perc_seniors_below_poverty_1y,2013, Minnesota,Anoka County,27003,,2005,
perc_seniors_below_poverty_1y,2013, Minnesota,Blue Earth County,27013,,735,
perc_seniors_below_poverty_1y,2013, Minnesota,Carver County,27019,,527,
perc_seniors_below_poverty_1y,2013, Minnesota,Dakota County,27037,,2716,
perc_seniors_below_poverty_1y,2013, Minnesota,Hennepin County,27053,0.068970501,10023,145323
perc_seniors_below_poverty_1y,2013, Minnesota,Olmsted County,27109,,790,
perc_seniors_below_poverty_1y,2013, Minnesota,Ramsey County,27123,0.087557741,5819,66459
perc_seniors_below_poverty_1y,2013, Minnesota,Rice County,27131,,562,
perc_seniors_below_poverty_1y,2013, Minnesota,Scott County,27139,,637,
perc_seniors_below_poverty_1y,2013, Minnesota,Sherburne County,27141,,224,
perc_seniors_below_poverty_1y,2013, Minnesota,St. Louis County,27137,,2336,
perc_seniors_below_poverty_1y,2013, Minnesota,Stearns County,27145,,1462,
perc_seniors_below_poverty_1y,2013, Minnesota,Washington County,27163,,1021,
perc_seniors_below_poverty_1y,2013, Minnesota,Wright County,27171,,1051,
perc_seniors_below_poverty_1y,2013, Mississippi,DeSoto County,28033,,2346,
perc_seniors_below_poverty_1y,2013, Mississippi,Forrest County,28035,,1063,
perc_seniors_below_poverty_1y,2013, Mississippi,Harrison County,28047,,2848,
perc_seniors_below_poverty_1y,2013, Mississippi,Hinds County,28049,,5591,
perc_seniors_below_poverty_1y,2013, Mississippi,Jackson County,28059,,1784,
perc_seniors_below_poverty_1y,2013, Mississippi,Jones County,28067,,1602,
perc_seniors_below_poverty_1y,2013, Mississippi,Lauderdale County,28075,,1398,
perc_seniors_below_poverty_1y,2013, Mississippi,Lee County,28081,,773,
perc_seniors_below_poverty_1y,2013, Mississippi,Madison County,28089,,1093,
perc_seniors_below_poverty_1y,2013, Mississippi,Rankin County,28121,,1405,
perc_seniors_below_poverty_1y,2013, Missouri,Boone County,29019,,1430,
perc_seniors_below_poverty_1y,2013, Missouri,Buchanan County,29021,,741,
perc_seniors_below_poverty_1y,2013, Missouri,Cape Girardeau County,29031,,814,
perc_seniors_below_poverty_1y,2013, Missouri,Cass County,29037,,731,
perc_seniors_below_poverty_1y,2013, Missouri,Christian County,29043,,685,
perc_seniors_below_poverty_1y,2013, Missouri,Clay County,29047,,1897,
perc_seniors_below_poverty_1y,2013, Missouri,Cole County,29051,,634,
perc_seniors_below_poverty_1y,2013, Missouri,Franklin County,29071,,1593,
perc_seniors_below_poverty_1y,2013, Missouri,Greene County,29077,,3843,
perc_seniors_below_poverty_1y,2013, Missouri,Jackson County,29095,0.07505098,6772,90232
perc_seniors_below_poverty_1y,2013, Missouri,Jasper County,29097,,1937,
perc_seniors_below_poverty_1y,2013, Missouri,Jefferson County,29099,,1921,
perc_seniors_below_poverty_1y,2013, Missouri,Platte County,29165,,776,
perc_seniors_below_poverty_1y,2013, Missouri,St. Charles County,29183,,2072,
perc_seniors_below_poverty_1y,2013, Missouri,St. Francois County,29187,,595,
perc_seniors_below_poverty_1y,2013, Missouri,St. Louis County,29189,0.0578476,9327,161234
perc_seniors_below_poverty_1y,2013, Missouri,St. Louis city,29510,,6113,
perc_seniors_below_poverty_1y,2013, Montana,Cascade County,30013,,880,
perc_seniors_below_poverty_1y,2013, Montana,Flathead County,30029,,1548,
perc_seniors_below_poverty_1y,2013, Montana,Gallatin County,30031,,340,
perc_seniors_below_poverty_1y,2013, Montana,Lewis and Clark County,30049,,831,
perc_seniors_below_poverty_1y,2013, Montana,Missoula County,30063,,895,
perc_seniors_below_poverty_1y,2013, Montana,Yellowstone County,30111,,2059,
perc_seniors_below_poverty_1y,2013, Nebraska,Douglas County,31055,,5026,
perc_seniors_below_poverty_1y,2013, Nebraska,Lancaster County,31109,,1941,
perc_seniors_below_poverty_1y,2013, Nebraska,Sarpy County,31153,,826,
perc_seniors_below_poverty_1y,2013, Nevada,Clark County,32003,0.090603329,23571,260156
perc_seniors_below_poverty_1y,2013, Nevada,Washoe County,32031,,4386,
perc_seniors_below_poverty_1y,2013, New Hampshire,Cheshire County,33005,,1096,
perc_seniors_below_poverty_1y,2013, New Hampshire,Grafton County,33009,,803,
perc_seniors_below_poverty_1y,2013, New Hampshire,Hillsborough County,33011,,2938,
perc_seniors_below_poverty_1y,2013, New Hampshire,Merrimack County,33013,,1300,
perc_seniors_below_poverty_1y,2013, New Hampshire,Rockingham County,33015,,1951,
perc_seniors_below_poverty_1y,2013, New Hampshire,Strafford County,33017,,1040,
perc_seniors_below_poverty_1y,2013, New Jersey,Atlantic County,34001,,4800,
perc_seniors_below_poverty_1y,2013, New Jersey,Bergen County,34003,0.069923081,10218,146132
perc_seniors_below_poverty_1y,2013, New Jersey,Burlington County,34005,,2963,
perc_seniors_below_poverty_1y,2013, New Jersey,Camden County,34007,0.094578654,6734,71200
perc_seniors_below_poverty_1y,2013, New Jersey,Cape May County,34009,,1777,
perc_seniors_below_poverty_1y,2013, New Jersey,Cumberland County,34011,,2035,
perc_seniors_below_poverty_1y,2013, New Jersey,Essex County,34013,0.125306234,12122,96739
perc_seniors_below_poverty_1y,2013, New Jersey,Gloucester County,34015,,1928,
perc_seniors_below_poverty_1y,2013, New Jersey,Hudson County,34017,0.168541566,11866,70404
perc_seniors_below_poverty_1y,2013, New Jersey,Hunterdon County,34019,,499,
perc_seniors_below_poverty_1y,2013, New Jersey,Mercer County,34021,,3600,
perc_seniors_below_poverty_1y,2013, New Jersey,Middlesex County,34023,0.071594909,7809,109072
perc_seniors_below_poverty_1y,2013, New Jersey,Monmouth County,34025,0.055126768,5264,95489
perc_seniors_below_poverty_1y,2013, New Jersey,Morris County,34027,,4081,
perc_seniors_below_poverty_1y,2013, New Jersey,Ocean County,34029,0.06505128,8258,126946
perc_seniors_below_poverty_1y,2013, New Jersey,Passaic County,34031,0.11054229,7212,65242
perc_seniors_below_poverty_1y,2013, New Jersey,Salem County,34033,,676,
perc_seniors_below_poverty_1y,2013, New Jersey,Somerset County,34035,,2178,
perc_seniors_below_poverty_1y,2013, New Jersey,Sussex County,34037,,746,
perc_seniors_below_poverty_1y,2013, New Jersey,Union County,34039,0.085428126,6056,70890
perc_seniors_below_poverty_1y,2013, New Jersey,Warren County,34041,,710,
perc_seniors_below_poverty_1y,2013, New Mexico,Bernalillo County,35001,0.097758919,8986,91920
perc_seniors_below_poverty_1y,2013, New Mexico,Chaves County,35005,,1311,
perc_seniors_below_poverty_1y,2013, New Mexico,Doña Ana County,35013,,3643,
perc_seniors_below_poverty_1y,2013, New Mexico,Lea County,35025,,579,
perc_seniors_below_poverty_1y,2013, New Mexico,McKinley County,35031,,2395,
perc_seniors_below_poverty_1y,2013, New Mexico,Otero County,35035,,1022,
perc_seniors_below_poverty_1y,2013, New Mexico,San Juan County,35045,,2526,
perc_seniors_below_poverty_1y,2013, New Mexico,Sandoval County,35043,,2307,
perc_seniors_below_poverty_1y,2013, New Mexico,Santa Fe County,35049,,2201,
perc_seniors_below_poverty_1y,2013, New Mexico,Valencia County,35061,,1288,
perc_seniors_below_poverty_1y,2013, New York,Albany County,36001,,3847,
perc_seniors_below_poverty_1y,2013, New York,Bronx County,36005,0.222788408,35283,158370
perc_seniors_below_poverty_1y,2013, New York,Broome County,36007,,2688,
perc_seniors_below_poverty_1y,2013, New York,Cattaraugus County,36009,,1441,
perc_seniors_below_poverty_1y,2013, New York,Cayuga County,36011,,1319,
perc_seniors_below_poverty_1y,2013, New York,Chautauqua County,36013,,1862,
perc_seniors_below_poverty_1y,2013, New York,Chemung County,36015,,1094,
perc_seniors_below_poverty_1y,2013, New York,Clinton County,36019,,640,
perc_seniors_below_poverty_1y,2013, New York,Dutchess County,36027,,1610,
perc_seniors_below_poverty_1y,2013, New York,Erie County,36029,0.089532979,13462,150358
perc_seniors_below_poverty_1y,2013, New York,Jefferson County,36045,,860,
perc_seniors_below_poverty_1y,2013, New York,Kings County,36047,0.227377936,70529,310184
perc_seniors_below_poverty_1y,2013, New York,Livingston County,36051,,774,
perc_seniors_below_poverty_1y,2013, New York,Madison County,36053,,1269,
perc_seniors_below_poverty_1y,2013, New York,Monroe County,36055,0.064622864,7285,112731
perc_seniors_below_poverty_1y,2013, New York,Nassau County,36059,0.041730564,9116,218449
perc_seniors_below_poverty_1y,2013, New York,New York County,36061,0.188954115,43710,231326
perc_seniors_below_poverty_1y,2013, New York,Niagara County,36063,,3137,
perc_seniors_below_poverty_1y,2013, New York,Oneida County,36065,,3270,
perc_seniors_below_poverty_1y,2013, New York,Onondaga County,36067,,4984,
perc_seniors_below_poverty_1y,2013, New York,Ontario County,36069,,1076,
perc_seniors_below_poverty_1y,2013, New York,Orange County,36071,,3069,
perc_seniors_below_poverty_1y,2013, New York,Oswego County,36075,,1457,
perc_seniors_below_poverty_1y,2013, New York,Putnam County,36079,,569,
perc_seniors_below_poverty_1y,2013, New York,Queens County,36081,0.132389084,40781,308039
perc_seniors_below_poverty_1y,2013, New York,Rensselaer County,36083,,1617,
perc_seniors_below_poverty_1y,2013, New York,Richmond County,36085,,5806,
perc_seniors_below_poverty_1y,2013, New York,Rockland County,36087,,3530,
perc_seniors_below_poverty_1y,2013, New York,Saratoga County,36091,,2188,
perc_seniors_below_poverty_1y,2013, New York,Schenectady County,36093,,1368,
perc_seniors_below_poverty_1y,2013, New York,St. Lawrence County,36089,,1570,
perc_seniors_below_poverty_1y,2013, New York,Steuben County,36101,,1263,
perc_seniors_below_poverty_1y,2013, New York,Suffolk County,36103,0.060191777,13446,223386
perc_seniors_below_poverty_1y,2013, New York,Sullivan County,36105,,1439,
perc_seniors_below_poverty_1y,2013, New York,Tompkins County,36109,,426,
perc_seniors_below_poverty_1y,2013, New York,Ulster County,36111,,2257,
perc_seniors_below_poverty_1y,2013, New York,Warren County,36113,,1082,
perc_seniors_below_poverty_1y,2013, New York,Wayne County,36117,,784,
perc_seniors_below_poverty_1y,2013, New York,Westchester County,36119,0.072729222,10864,149376
perc_seniors_below_poverty_1y,2013, North Carolina,Alamance County,37001,,2871,
perc_seniors_below_poverty_1y,2013, North Carolina,Brunswick County,37019,,1898,
perc_seniors_below_poverty_1y,2013, North Carolina,Buncombe County,37021,,3796,
perc_seniors_below_poverty_1y,2013, North Carolina,Burke County,37023,,977,
perc_seniors_below_poverty_1y,2013, North Carolina,Cabarrus County,37025,,1621,
perc_seniors_below_poverty_1y,2013, North Carolina,Caldwell County,37027,,1763,
perc_seniors_below_poverty_1y,2013, North Carolina,Carteret County,37031,,1048,
perc_seniors_below_poverty_1y,2013, North Carolina,Catawba County,37035,,2071,
perc_seniors_below_poverty_1y,2013, North Carolina,Chatham County,37037,,869,
perc_seniors_below_poverty_1y,2013, North Carolina,Cleveland County,37045,,1451,
perc_seniors_below_poverty_1y,2013, North Carolina,Craven County,37049,,1314,
perc_seniors_below_poverty_1y,2013, North Carolina,Cumberland County,37051,,3092,
perc_seniors_below_poverty_1y,2013, North Carolina,Davidson County,37057,,2005,
perc_seniors_below_poverty_1y,2013, North Carolina,Durham County,37063,,2393,
perc_seniors_below_poverty_1y,2013, North Carolina,Forsyth County,37067,,4642,
perc_seniors_below_poverty_1y,2013, North Carolina,Gaston County,37071,,2976,
perc_seniors_below_poverty_1y,2013, North Carolina,Guilford County,37081,0.083237767,5589,67145
perc_seniors_below_poverty_1y,2013, North Carolina,Harnett County,37085,,1674,
perc_seniors_below_poverty_1y,2013, North Carolina,Henderson County,37089,,2348,
perc_seniors_below_poverty_1y,2013, North Carolina,Iredell County,37097,,2244,
perc_seniors_below_poverty_1y,2013, North Carolina,Johnston County,37101,,2313,
perc_seniors_below_poverty_1y,2013, North Carolina,Lincoln County,37109,,1017,
perc_seniors_below_poverty_1y,2013, North Carolina,Mecklenburg County,37119,0.101753727,9794,96252
perc_seniors_below_poverty_1y,2013, North Carolina,Moore County,37125,,1127,
perc_seniors_below_poverty_1y,2013, North Carolina,Nash County,37127,,2310,
perc_seniors_below_poverty_1y,2013, North Carolina,New Hanover County,37129,,2116,
perc_seniors_below_poverty_1y,2013, North Carolina,Onslow County,37133,,1808,
perc_seniors_below_poverty_1y,2013, North Carolina,Orange County,37135,,908,
perc_seniors_below_poverty_1y,2013, North Carolina,Pitt County,37147,,1755,
perc_seniors_below_poverty_1y,2013, North Carolina,Randolph County,37151,,2164,
perc_seniors_below_poverty_1y,2013, North Carolina,Robeson County,37155,,3149,
perc_seniors_below_poverty_1y,2013, North Carolina,Rockingham County,37157,,2102,
perc_seniors_below_poverty_1y,2013, North Carolina,Rowan County,37159,,2176,
perc_seniors_below_poverty_1y,2013, North Carolina,Rutherford County,37161,,1088,
perc_seniors_below_poverty_1y,2013, North Carolina,Surry County,37171,,1908,
perc_seniors_below_poverty_1y,2013, North Carolina,Union County,37179,,1435,
perc_seniors_below_poverty_1y,2013, North Carolina,Wake County,37183,0.053077314,4995,94108
perc_seniors_below_poverty_1y,2013, North Carolina,Wayne County,37191,,1179,
perc_seniors_below_poverty_1y,2013, North Carolina,Wilkes County,37193,,1996,
perc_seniors_below_poverty_1y,2013, North Carolina,Wilson County,37195,,1094,
perc_seniors_below_poverty_1y,2013, North Dakota,Burleigh County,38015,,420,
perc_seniors_below_poverty_1y,2013, North Dakota,Cass County,38017,,884,
perc_seniors_below_poverty_1y,2013, North Dakota,Grand Forks County,38035,,969,
perc_seniors_below_poverty_1y,2013, North Dakota,Ward County,38101,,724,
perc_seniors_below_poverty_1y,2013, Ohio,Allen County,39003,,1459,
perc_seniors_below_poverty_1y,2013, Ohio,Ashtabula County,39007,,1066,
perc_seniors_below_poverty_1y,2013, Ohio,Belmont County,39013,,1506,
perc_seniors_below_poverty_1y,2013, Ohio,Butler County,39017,,2327,
perc_seniors_below_poverty_1y,2013, Ohio,Clark County,39023,,2057,
perc_seniors_below_poverty_1y,2013, Ohio,Clermont County,39025,,1651,
perc_seniors_below_poverty_1y,2013, Ohio,Columbiana County,39029,,1462,
perc_seniors_below_poverty_1y,2013, Ohio,Cuyahoga County,39035,0.113296129,23143,204270
perc_seniors_below_poverty_1y,2013, Ohio,Delaware County,39041,,898,
perc_seniors_below_poverty_1y,2013, Ohio,Erie County,39043,,754,
perc_seniors_below_poverty_1y,2013, Ohio,Fairfield County,39045,,1487,
perc_seniors_below_poverty_1y,2013, Ohio,Franklin County,39049,0.089582376,11491,128273
perc_seniors_below_poverty_1y,2013, Ohio,Geauga County,39055,,769,
perc_seniors_below_poverty_1y,2013, Ohio,Greene County,39057,,1993,
perc_seniors_below_poverty_1y,2013, Ohio,Hamilton County,39061,0.108467147,12125,111785
perc_seniors_below_poverty_1y,2013, Ohio,Hancock County,39063,,383,
perc_seniors_below_poverty_1y,2013, Ohio,Jefferson County,39081,,949,
perc_seniors_below_poverty_1y,2013, Ohio,Lake County,39085,,3098,
perc_seniors_below_poverty_1y,2013, Ohio,Licking County,39089,,1113,
perc_seniors_below_poverty_1y,2013, Ohio,Lorain County,39093,,3624,
perc_seniors_below_poverty_1y,2013, Ohio,Lucas County,39095,,6194,
perc_seniors_below_poverty_1y,2013, Ohio,Mahoning County,39099,,3586,
perc_seniors_below_poverty_1y,2013, Ohio,Marion County,39101,,741,
perc_seniors_below_poverty_1y,2013, Ohio,Medina County,39103,,1151,
perc_seniors_below_poverty_1y,2013, Ohio,Miami County,39109,,892,
perc_seniors_below_poverty_1y,2013, Ohio,Montgomery County,39113,0.082362689,7156,86884
perc_seniors_below_poverty_1y,2013, Ohio,Muskingum County,39119,,1297,
perc_seniors_below_poverty_1y,2013, Ohio,Portage County,39133,,1710,
perc_seniors_below_poverty_1y,2013, Ohio,Richland County,39139,,1736,
perc_seniors_below_poverty_1y,2013, Ohio,Ross County,39141,,609,
perc_seniors_below_poverty_1y,2013, Ohio,Scioto County,39145,,1620,
perc_seniors_below_poverty_1y,2013, Ohio,Stark County,39151,,5032,
perc_seniors_below_poverty_1y,2013, Ohio,Summit County,39153,0.076848477,6577,85584
perc_seniors_below_poverty_1y,2013, Ohio,Trumbull County,39155,,2483,
perc_seniors_below_poverty_1y,2013, Ohio,Tuscarawas County,39157,,959,
perc_seniors_below_poverty_1y,2013, Ohio,Warren County,39165,,851,
perc_seniors_below_poverty_1y,2013, Ohio,Wayne County,39169,,994,
perc_seniors_below_poverty_1y,2013, Ohio,Wood County,39173,,904,
perc_seniors_below_poverty_1y,2013, Oklahoma,Canadian County,40017,,540,
perc_seniors_below_poverty_1y,2013, Oklahoma,Cleveland County,40027,,1265,
perc_seniors_below_poverty_1y,2013, Oklahoma,Comanche County,40031,,1156,
perc_seniors_below_poverty_1y,2013, Oklahoma,Creek County,40037,,1151,
perc_seniors_below_poverty_1y,2013, Oklahoma,Muskogee County,40101,,1033,
perc_seniors_below_poverty_1y,2013, Oklahoma,Oklahoma County,40109,0.089439169,8347,93326
perc_seniors_below_poverty_1y,2013, Oklahoma,Payne County,40119,,583,
perc_seniors_below_poverty_1y,2013, Oklahoma,Pottawatomie County,40125,,938,
perc_seniors_below_poverty_1y,2013, Oklahoma,Rogers County,40131,,851,
perc_seniors_below_poverty_1y,2013, Oklahoma,Tulsa County,40143,0.085800499,6796,79207
perc_seniors_below_poverty_1y,2013, Oklahoma,Wagoner County,40145,,919,
perc_seniors_below_poverty_1y,2013, Oregon,Benton County,41003,,1178,
perc_seniors_below_poverty_1y,2013, Oregon,Clackamas County,41005,,4747,
perc_seniors_below_poverty_1y,2013, Oregon,Deschutes County,41017,,3303,
perc_seniors_below_poverty_1y,2013, Oregon,Douglas County,41019,,1903,
perc_seniors_below_poverty_1y,2013, Oregon,Jackson County,41029,,3225,
perc_seniors_below_poverty_1y,2013, Oregon,Josephine County,41033,,1887,
perc_seniors_below_poverty_1y,2013, Oregon,Klamath County,41035,,883,
perc_seniors_below_poverty_1y,2013, Oregon,Lane County,41039,,5615,
perc_seniors_below_poverty_1y,2013, Oregon,Linn County,41043,,1139,
perc_seniors_below_poverty_1y,2013, Oregon,Marion County,41047,,3540,
perc_seniors_below_poverty_1y,2013, Oregon,Multnomah County,41051,0.105338067,9399,89227
perc_seniors_below_poverty_1y,2013, Oregon,Polk County,41053,,918,
perc_seniors_below_poverty_1y,2013, Oregon,Umatilla County,41059,,1452,
perc_seniors_below_poverty_1y,2013, Oregon,Washington County,41067,,4650,
perc_seniors_below_poverty_1y,2013, Oregon,Yamhill County,41071,,727,
perc_seniors_below_poverty_1y,2013, Pennsylvania,Adams County,42001,,905,
perc_seniors_below_poverty_1y,2013, Pennsylvania,Allegheny County,42003,0.093837403,19795,210950
perc_seniors_below_poverty_1y,2013, Pennsylvania,Armstrong County,42005,,1496,
perc_seniors_below_poverty_1y,2013, Pennsylvania,Beaver County,42007,,3148,
perc_seniors_below_poverty_1y,2013, Pennsylvania,Berks County,42011,,4241,
perc_seniors_below_poverty_1y,2013, Pennsylvania,Blair County,42013,,1408,
perc_seniors_below_poverty_1y,2013, Pennsylvania,Bucks County,42017,0.048431508,4925,101690
perc_seniors_below_poverty_1y,2013, Pennsylvania,Butler County,42019,,1721,
perc_seniors_below_poverty_1y,2013, Pennsylvania,Cambria County,42021,,1931,
perc_seniors_below_poverty_1y,2013, Pennsylvania,Carbon County,42025,,676,
perc_seniors_below_poverty_1y,2013, Pennsylvania,Centre County,42027,,1771,
perc_seniors_below_poverty_1y,2013, Pennsylvania,Chester County,42029,0.038175575,2747,71957
perc_seniors_below_poverty_1y,2013, Pennsylvania,Clearfield County,42033,,1260,
perc_seniors_below_poverty_1y,2013, Pennsylvania,Columbia County,42037,,1326,
perc_seniors_below_poverty_1y,2013, Pennsylvania,Crawford County,42039,,1454,
perc_seniors_below_poverty_1y,2013, Pennsylvania,Cumberland County,42041,,1556,
perc_seniors_below_poverty_1y,2013, Pennsylvania,Dauphin County,42043,,2354,
perc_seniors_below_poverty_1y,2013, Pennsylvania,Delaware County,42045,0.095675863,7972,83323
perc_seniors_below_poverty_1y,2013, Pennsylvania,Erie County,42049,,3634,
perc_seniors_below_poverty_1y,2013, Pennsylvania,Fayette County,42051,,2422,
perc_seniors_below_poverty_1y,2013, Pennsylvania,Franklin County,42055,,1654,
perc_seniors_below_poverty_1y,2013, Pennsylvania,Indiana County,42063,,866,
perc_seniors_below_poverty_1y,2013, Pennsylvania,Lackawanna County,42069,,4355,
perc_seniors_below_poverty_1y,2013, Pennsylvania,Lancaster County,42071,0.074975416,6405,85428
perc_seniors_below_poverty_1y,2013, Pennsylvania,Lawrence County,42073,,1221,
perc_seniors_below_poverty_1y,2013, Pennsylvania,Lebanon County,42075,,1657,
perc_seniors_below_poverty_1y,2013, Pennsylvania,Lehigh County,42077,,3167,
perc_seniors_below_poverty_1y,2013, Pennsylvania,Luzerne County,42079,,5105,
perc_seniors_below_poverty_1y,2013, Pennsylvania,Lycoming County,42081,,1674,
perc_seniors_below_poverty_1y,2013, Pennsylvania,Mercer County,42085,,1161,
perc_seniors_below_poverty_1y,2013, Pennsylvania,Monroe County,42089,,875,
perc_seniors_below_poverty_1y,2013, Pennsylvania,Montgomery County,42091,0.071223497,9303,130617
perc_seniors_below_poverty_1y,2013, Pennsylvania,Northampton County,42095,,3502,
perc_seniors_below_poverty_1y,2013, Pennsylvania,Northumberland County,42097,,1098,
perc_seniors_below_poverty_1y,2013, Pennsylvania,Philadelphia County,42101,0.170175135,32813,192819
perc_seniors_below_poverty_1y,2013, Pennsylvania,Schuylkill County,42107,,2298,
perc_seniors_below_poverty_1y,2013, Pennsylvania,Somerset County,42111,,1572,
perc_seniors_below_poverty_1y,2013, Pennsylvania,Washington County,42125,,3093,
perc_seniors_below_poverty_1y,2013, Pennsylvania,Westmoreland County,42129,,3854,
perc_seniors_below_poverty_1y,2013, Pennsylvania,York County,42133,,4070,
perc_seniors_below_poverty_1y,2013, Puerto Rico,Arecibo Municipio,72013,,8943,
perc_seniors_below_poverty_1y,2013, Puerto Rico,Bayamón Municipio,72021,,12078,
perc_seniors_below_poverty_1y,2013, Puerto Rico,Caguas Municipio,72025,,7271,
perc_seniors_below_poverty_1y,2013, Puerto Rico,Carolina Municipio,72031,,8405,
perc_seniors_below_poverty_1y,2013, Puerto Rico,Guaynabo Municipio,72061,,5068,
perc_seniors_below_poverty_1y,2013, Puerto Rico,Mayagüez Municipio,72097,,6392,
perc_seniors_below_poverty_1y,2013, Puerto Rico,Ponce Municipio,72113,,10809,
perc_seniors_below_poverty_1y,2013, Puerto Rico,San Juan Municipio,72127,,20850,
perc_seniors_below_poverty_1y,2013, Puerto Rico,Toa Alta Municipio,72135,,2788,
perc_seniors_below_poverty_1y,2013, Puerto Rico,Toa Baja Municipio,72137,,4616,
perc_seniors_below_poverty_1y,2013, Puerto Rico,Trujillo Alto Municipio,72139,,3768,
perc_seniors_below_poverty_1y,2013, Rhode Island,Kent County,44003,,1881,
perc_seniors_below_poverty_1y,2013, Rhode Island,Newport County,44005,,1588,
perc_seniors_below_poverty_1y,2013, Rhode Island,Providence County,44007,0.098806225,8732,88375
perc_seniors_below_poverty_1y,2013, Rhode Island,Washington County,44009,,567,
perc_seniors_below_poverty_1y,2013, South Carolina,Aiken County,45003,,2935,
perc_seniors_below_poverty_1y,2013, South Carolina,Anderson County,45007,,2516,
perc_seniors_below_poverty_1y,2013, South Carolina,Beaufort County,45013,,1610,
perc_seniors_below_poverty_1y,2013, South Carolina,Berkeley County,45015,,1795,
perc_seniors_below_poverty_1y,2013, South Carolina,Charleston County,45019,,4862,
perc_seniors_below_poverty_1y,2013, South Carolina,Darlington County,45031,,2634,
perc_seniors_below_poverty_1y,2013, South Carolina,Dorchester County,45035,,1199,
perc_seniors_below_poverty_1y,2013, South Carolina,Florence County,45041,,2681,
perc_seniors_below_poverty_1y,2013, South Carolina,Greenville County,45045,,5453,
perc_seniors_below_poverty_1y,2013, South Carolina,Greenwood County,45047,,1527,
perc_seniors_below_poverty_1y,2013, South Carolina,Horry County,45051,,3710,
perc_seniors_below_poverty_1y,2013, South Carolina,Lancaster County,45057,,1243,
perc_seniors_below_poverty_1y,2013, South Carolina,Laurens County,45059,,1006,
perc_seniors_below_poverty_1y,2013, South Carolina,Lexington County,45063,,2607,
perc_seniors_below_poverty_1y,2013, South Carolina,Oconee County,45073,,2037,
perc_seniors_below_poverty_1y,2013, South Carolina,Orangeburg County,45075,,2267,
perc_seniors_below_poverty_1y,2013, South Carolina,Pickens County,45077,,1817,
perc_seniors_below_poverty_1y,2013, South Carolina,Richland County,45079,,4327,
perc_seniors_below_poverty_1y,2013, South Carolina,Spartanburg County,45083,,5763,
perc_seniors_below_poverty_1y,2013, South Carolina,Sumter County,45085,,1549,
perc_seniors_below_poverty_1y,2013, South Carolina,York County,45091,,2563,
perc_seniors_below_poverty_1y,2013, South Dakota,Minnehaha County,46099,,1788,
perc_seniors_below_poverty_1y,2013, South Dakota,Pennington County,46103,,1300,
perc_seniors_below_poverty_1y,2013, Tennessee,Anderson County,47001,,885,
perc_seniors_below_poverty_1y,2013, Tennessee,Blount County,47009,,2165,
perc_seniors_below_poverty_1y,2013, Tennessee,Bradley County,47011,,2341,
perc_seniors_below_poverty_1y,2013, Tennessee,Davidson County,47037,0.079955988,5668,70889
perc_seniors_below_poverty_1y,2013, Tennessee,Greene County,47059,,885,
perc_seniors_below_poverty_1y,2013, Tennessee,Hamilton County,47065,,4863,
perc_seniors_below_poverty_1y,2013, Tennessee,Knox County,47093,,4446,
perc_seniors_below_poverty_1y,2013, Tennessee,Madison County,47113,,1638,
perc_seniors_below_poverty_1y,2013, Tennessee,Maury County,47119,,1468,
perc_seniors_below_poverty_1y,2013, Tennessee,Montgomery County,47125,,845,
perc_seniors_below_poverty_1y,2013, Tennessee,Putnam County,47141,,1442,
perc_seniors_below_poverty_1y,2013, Tennessee,Robertson County,47147,,797,
perc_seniors_below_poverty_1y,2013, Tennessee,Rutherford County,47149,,1387,
perc_seniors_below_poverty_1y,2013, Tennessee,Sevier County,47155,,981,
perc_seniors_below_poverty_1y,2013, Tennessee,Shelby County,47157,0.089065716,9391,105439
perc_seniors_below_poverty_1y,2013, Tennessee,Sullivan County,47163,,3349,
perc_seniors_below_poverty_1y,2013, Tennessee,Sumner County,47165,,1936,
perc_seniors_below_poverty_1y,2013, Tennessee,Washington County,47179,,1988,
perc_seniors_below_poverty_1y,2013, Tennessee,Williamson County,47187,,605,
perc_seniors_below_poverty_1y,2013, Tennessee,Wilson County,47189,,1205,
perc_seniors_below_poverty_1y,2013, Texas,Angelina County,48005,,927,
perc_seniors_below_poverty_1y,2013, Texas,Bastrop County,48021,,679,
perc_seniors_below_poverty_1y,2013, Texas,Bell County,48027,,3111,
perc_seniors_below_poverty_1y,2013, Texas,Bexar County,48029,0.108388171,21725,200437
perc_seniors_below_poverty_1y,2013, Texas,Bowie County,48037,,1155,
perc_seniors_below_poverty_1y,2013, Texas,Brazoria County,48039,,3356,
perc_seniors_below_poverty_1y,2013, Texas,Brazos County,48041,,1694,
perc_seniors_below_poverty_1y,2013, Texas,Cameron County,48061,,12672,
perc_seniors_below_poverty_1y,2013, Texas,Collin County,48085,0.07304167,5770,78996
perc_seniors_below_poverty_1y,2013, Texas,Comal County,48091,,1511,
perc_seniors_below_poverty_1y,2013, Texas,Coryell County,48099,,452,
perc_seniors_below_poverty_1y,2013, Texas,Dallas County,48113,0.110411063,25901,234587
perc_seniors_below_poverty_1y,2013, Texas,Denton County,48121,,2099,
perc_seniors_below_poverty_1y,2013, Texas,Ector County,48135,,1161,
perc_seniors_below_poverty_1y,2013, Texas,El Paso County,48141,0.191887602,17305,90183
perc_seniors_below_poverty_1y,2013, Texas,Ellis County,48139,,1111,
perc_seniors_below_poverty_1y,2013, Texas,Fort Bend County,48157,,4402,
perc_seniors_below_poverty_1y,2013, Texas,Galveston County,48167,,2993,
perc_seniors_below_poverty_1y,2013, Texas,Grayson County,48181,,2075,
perc_seniors_below_poverty_1y,2013, Texas,Gregg County,48183,,1153,
perc_seniors_below_poverty_1y,2013, Texas,Guadalupe County,48187,,1186,
perc_seniors_below_poverty_1y,2013, Texas,Harris County,48201,0.107131727,41603,388335
perc_seniors_below_poverty_1y,2013, Texas,Harrison County,48203,,1204,
perc_seniors_below_poverty_1y,2013, Texas,Hays County,48209,,637,
perc_seniors_below_poverty_1y,2013, Texas,Henderson County,48213,,1429,
perc_seniors_below_poverty_1y,2013, Texas,Hidalgo County,48215,0.255587369,20882,81702
perc_seniors_below_poverty_1y,2013, Texas,Hunt County,48231,,1725,
perc_seniors_below_poverty_1y,2013, Texas,Jefferson County,48245,,5585,
perc_seniors_below_poverty_1y,2013, Texas,Johnson County,48251,,2407,
perc_seniors_below_poverty_1y,2013, Texas,Kaufman County,48257,,1085,
perc_seniors_below_poverty_1y,2013, Texas,Liberty County,48291,,1192,
perc_seniors_below_poverty_1y,2013, Texas,Lubbock County,48303,,2390,
perc_seniors_below_poverty_1y,2013, Texas,McLennan County,48309,,2568,
perc_seniors_below_poverty_1y,2013, Texas,Midland County,48329,,1368,
perc_seniors_below_poverty_1y,2013, Texas,Montgomery County,48339,,4318,
perc_seniors_below_poverty_1y,2013, Texas,Nacogdoches County,48347,,1364,
perc_seniors_below_poverty_1y,2013, Texas,Nueces County,48355,,5178,
perc_seniors_below_poverty_1y,2013, Texas,Orange County,48361,,880,
perc_seniors_below_poverty_1y,2013, Texas,Parker County,48367,,1311,
perc_seniors_below_poverty_1y,2013, Texas,Potter County,48375,,1329,
perc_seniors_below_poverty_1y,2013, Texas,Randall County,48381,,693,
perc_seniors_below_poverty_1y,2013, Texas,Rockwall County,48397,,61,
perc_seniors_below_poverty_1y,2013, Texas,San Patricio County,48409,,1512,
perc_seniors_below_poverty_1y,2013, Texas,Smith County,48423,,2169,
perc_seniors_below_poverty_1y,2013, Texas,Tarrant County,48439,0.077445589,14685,189617
perc_seniors_below_poverty_1y,2013, Texas,Taylor County,48441,,2656,
perc_seniors_below_poverty_1y,2013, Texas,Tom Green County,48451,,1395,
perc_seniors_below_poverty_1y,2013, Texas,Travis County,48453,0.072606139,6615,91108
perc_seniors_below_poverty_1y,2013, Texas,Victoria County,48469,,1260,
perc_seniors_below_poverty_1y,2013, Texas,Walker County,48471,,1061,
perc_seniors_below_poverty_1y,2013, Texas,Webb County,48479,,5037,
perc_seniors_below_poverty_1y,2013, Texas,Wichita County,48485,,1679,
perc_seniors_below_poverty_1y,2013, Texas,Williamson County,48491,,2798,
perc_seniors_below_poverty_1y,2013, Utah,Cache County,49005,,538,
perc_seniors_below_poverty_1y,2013, Utah,Davis County,49011,,1533,
perc_seniors_below_poverty_1y,2013, Utah,Salt Lake County,49035,0.076842576,7783,101285
perc_seniors_below_poverty_1y,2013, Utah,Utah County,49049,,2766,
perc_seniors_below_poverty_1y,2013, Utah,Washington County,49053,,1843,
perc_seniors_below_poverty_1y,2013, Utah,Weber County,49057,,2397,
perc_seniors_below_poverty_1y,2013, Vermont,Chittenden County,50007,,1678,
perc_seniors_below_poverty_1y,2013, Virginia,Albemarle County,51003,,580,
perc_seniors_below_poverty_1y,2013, Virginia,Alexandria city,51510,,960,
perc_seniors_below_poverty_1y,2013, Virginia,Arlington County,51013,,1998,
perc_seniors_below_poverty_1y,2013, Virginia,Augusta County,51015,,881,
perc_seniors_below_poverty_1y,2013, Virginia,Bedford County,51019,,646,
perc_seniors_below_poverty_1y,2013, Virginia,Chesapeake city,51550,,1765,
perc_seniors_below_poverty_1y,2013, Virginia,Chesterfield County,51041,,1497,
perc_seniors_below_poverty_1y,2013, Virginia,Fairfax County,51059,0.0522363,6531,125028
perc_seniors_below_poverty_1y,2013, Virginia,Fauquier County,51061,,646,
perc_seniors_below_poverty_1y,2013, Virginia,Frederick County,51069,,337,
perc_seniors_below_poverty_1y,2013, Virginia,Hampton city,51650,,1384,
perc_seniors_below_poverty_1y,2013, Virginia,Hanover County,51085,,742,
perc_seniors_below_poverty_1y,2013, Virginia,Henrico County,51087,,2611,
perc_seniors_below_poverty_1y,2013, Virginia,James City County,51095,,378,
perc_seniors_below_poverty_1y,2013, Virginia,Loudoun County,51107,,1015,
perc_seniors_below_poverty_1y,2013, Virginia,Lynchburg city,51680,,783,
perc_seniors_below_poverty_1y,2013, Virginia,Montgomery County,51121,,257,
perc_seniors_below_poverty_1y,2013, Virginia,Newport News city,51700,,2099,
perc_seniors_below_poverty_1y,2013, Virginia,Norfolk city,51710,,2661,
perc_seniors_below_poverty_1y,2013, Virginia,Portsmouth city,51740,,1037,
perc_seniors_below_poverty_1y,2013, Virginia,Prince William County,51153,,1221,
perc_seniors_below_poverty_1y,2013, Virginia,Richmond city,51760,,3662,
perc_seniors_below_poverty_1y,2013, Virginia,Roanoke County,51161,,1195,
perc_seniors_below_poverty_1y,2013, Virginia,Roanoke city,51770,,1194,
perc_seniors_below_poverty_1y,2013, Virginia,Rockingham County,51165,,800,
perc_seniors_below_poverty_1y,2013, Virginia,Spotsylvania County,51177,,1015,
perc_seniors_below_poverty_1y,2013, Virginia,Stafford County,51179,,612,
perc_seniors_below_poverty_1y,2013, Virginia,Suffolk city,51800,,670,
perc_seniors_below_poverty_1y,2013, Virginia,Virginia Beach city,51810,,3738,
perc_seniors_below_poverty_1y,2013, Virginia,York County,51199,,373,
perc_seniors_below_poverty_1y,2013, Washington,Benton County,53005,,2305,
perc_seniors_below_poverty_1y,2013, Washington,Chelan County,53007,,1624,
perc_seniors_below_poverty_1y,2013, Washington,Clallam County,53009,,1492,
perc_seniors_below_poverty_1y,2013, Washington,Clark County,53011,,3581,
perc_seniors_below_poverty_1y,2013, Washington,Cowlitz County,53015,,883,
perc_seniors_below_poverty_1y,2013, Washington,Franklin County,53021,,800,
perc_seniors_below_poverty_1y,2013, Washington,Grant County,53025,,1420,
perc_seniors_below_poverty_1y,2013, Washington,Grays Harbor County,53027,,1025,
perc_seniors_below_poverty_1y,2013, Washington,Island County,53029,,514,
perc_seniors_below_poverty_1y,2013, Washington,King County,53033,0.092305668,22478,243517
perc_seniors_below_poverty_1y,2013, Washington,Kitsap County,53035,,2280,
perc_seniors_below_poverty_1y,2013, Washington,Lewis County,53041,,776,
perc_seniors_below_poverty_1y,2013, Washington,Pierce County,53053,0.073828436,7425,100571
perc_seniors_below_poverty_1y,2013, Washington,Skagit County,53057,,1959,
perc_seniors_below_poverty_1y,2013, Washington,Snohomish County,53061,0.084539011,7374,87226
perc_seniors_below_poverty_1y,2013, Washington,Spokane County,53063,,4577,
perc_seniors_below_poverty_1y,2013, Washington,Thurston County,53067,,2148,
perc_seniors_below_poverty_1y,2013, Washington,Whatcom County,53073,,2799,
perc_seniors_below_poverty_1y,2013, Washington,Yakima County,53077,,2769,
perc_seniors_below_poverty_1y,2013, West Virginia,Berkeley County,54003,,1132,
perc_seniors_below_poverty_1y,2013, West Virginia,Cabell County,54011,,1741,
perc_seniors_below_poverty_1y,2013, West Virginia,Harrison County,54033,,584,
perc_seniors_below_poverty_1y,2013, West Virginia,Kanawha County,54039,,1886,
perc_seniors_below_poverty_1y,2013, West Virginia,Monongalia County,54061,,719,
perc_seniors_below_poverty_1y,2013, West Virginia,Raleigh County,54081,,1284,
perc_seniors_below_poverty_1y,2013, West Virginia,Wood County,54107,,1768,
perc_seniors_below_poverty_1y,2013, Wisconsin,Brown County,55009,,3099,
perc_seniors_below_poverty_1y,2013, Wisconsin,Dane County,55025,,3509,
perc_seniors_below_poverty_1y,2013, Wisconsin,Dodge County,55027,,1187,
perc_seniors_below_poverty_1y,2013, Wisconsin,Eau Claire County,55035,,1370,
perc_seniors_below_poverty_1y,2013, Wisconsin,Fond du Lac County,55039,,1315,
perc_seniors_below_poverty_1y,2013, Wisconsin,Jefferson County,55055,,1363,
perc_seniors_below_poverty_1y,2013, Wisconsin,Kenosha County,55059,,2008,
perc_seniors_below_poverty_1y,2013, Wisconsin,La Crosse County,55063,,1159,
perc_seniors_below_poverty_1y,2013, Wisconsin,Manitowoc County,55071,,1582,
perc_seniors_below_poverty_1y,2013, Wisconsin,Marathon County,55073,,1793,
perc_seniors_below_poverty_1y,2013, Wisconsin,Milwaukee County,55079,0.110551924,12609,114055
perc_seniors_below_poverty_1y,2013, Wisconsin,Outagamie County,55087,,1716,
perc_seniors_below_poverty_1y,2013, Wisconsin,Ozaukee County,55089,,892,
perc_seniors_below_poverty_1y,2013, Wisconsin,Portage County,55097,,640,
perc_seniors_below_poverty_1y,2013, Wisconsin,Racine County,55101,,2298,
perc_seniors_below_poverty_1y,2013, Wisconsin,Rock County,55105,,2038,
perc_seniors_below_poverty_1y,2013, Wisconsin,Sheboygan County,55117,,1205,
perc_seniors_below_poverty_1y,2013, Wisconsin,St. Croix County,55109,,1065,
perc_seniors_below_poverty_1y,2013, Wisconsin,Walworth County,55127,,1656,
perc_seniors_below_poverty_1y,2013, Wisconsin,Washington County,55131,,1222,
perc_seniors_below_poverty_1y,2013, Wisconsin,Waukesha County,55133,,3799,
perc_seniors_below_poverty_1y,2013, Wisconsin,Winnebago County,55139,,2040,
perc_seniors_below_poverty_1y,2013, Wisconsin,Wood County,55141,,867,
perc_seniors_below_poverty_1y,2013, Wyoming,Laramie County,56021,,526,
perc_seniors_below_poverty_1y,2013, Wyoming,Natrona County,56025,,774,
