measure label,year,state,county,fips,perc_seniors_below_poverty_1y,numerator,denominator
perc_seniors_below_poverty_1y,2012, Alabama,Baldwin County,1003,,1562,
perc_seniors_below_poverty_1y,2012, Alabama,Calhoun County,1015,,1959,
perc_seniors_below_poverty_1y,2012, Alabama,Cullman County,1043,,2047,
perc_seniors_below_poverty_1y,2012, Alabama,DeKalb County,1049,,1115,
perc_seniors_below_poverty_1y,2012, Alabama,Elmore County,1051,,1085,
perc_seniors_below_poverty_1y,2012, Alabama,Etowah County,1055,,2424,
perc_seniors_below_poverty_1y,2012, Alabama,Houston County,1069,,1621,
perc_seniors_below_poverty_1y,2012, Alabama,Jefferson County,1073,0.105627179,9438,89352
perc_seniors_below_poverty_1y,2012, Alabama,Lauderdale County,1077,,1887,
perc_seniors_below_poverty_1y,2012, Alabama,Lee County,1081,,1395,
perc_seniors_below_poverty_1y,2012, Alabama,Limestone County,1083,,1296,
perc_seniors_below_poverty_1y,2012, Alabama,Madison County,1089,,2656,
perc_seniors_below_poverty_1y,2012, Alabama,Marshall County,1095,,1304,
perc_seniors_below_poverty_1y,2012, Alabama,Mobile County,1097,,7076,
perc_seniors_below_poverty_1y,2012, Alabama,Montgomery County,1101,,2572,
perc_seniors_below_poverty_1y,2012, Alabama,Morgan County,1103,,1093,
perc_seniors_below_poverty_1y,2012, Alabama,Shelby County,1117,,848,
perc_seniors_below_poverty_1y,2012, Alabama,St. Clair County,1115,,801,
perc_seniors_below_poverty_1y,2012, Alabama,Talladega County,1121,,1779,
perc_seniors_below_poverty_1y,2012, Alabama,Tuscaloosa County,1125,,1866,
perc_seniors_below_poverty_1y,2012, Alabama,Walker County,1127,,994,
perc_seniors_below_poverty_1y,2012, Alaska,Anchorage Municipality,2020,,730,
perc_seniors_below_poverty_1y,2012, Alaska,Fairbanks North Star Borough,2090,,418,
perc_seniors_below_poverty_1y,2012, Alaska,Matanuska-Susitna Borough,2170,,408,
perc_seniors_below_poverty_1y,2012, Arizona,Apache County,4001,,1816,
perc_seniors_below_poverty_1y,2012, Arizona,Cochise County,4003,,3013,
perc_seniors_below_poverty_1y,2012, Arizona,Coconino County,4005,,1486,
perc_seniors_below_poverty_1y,2012, Arizona,Maricopa County,4013,0.075773589,38781,511801
perc_seniors_below_poverty_1y,2012, Arizona,Mohave County,4015,,4062,
perc_seniors_below_poverty_1y,2012, Arizona,Navajo County,4017,,2398,
perc_seniors_below_poverty_1y,2012, Arizona,Pima County,4019,0.086245738,14165,164240
perc_seniors_below_poverty_1y,2012, Arizona,Pinal County,4021,,4205,
perc_seniors_below_poverty_1y,2012, Arizona,Yavapai County,4025,,2150,
perc_seniors_below_poverty_1y,2012, Arizona,Yuma County,4027,,3434,
perc_seniors_below_poverty_1y,2012, Arkansas,Benton County,5007,,1416,
perc_seniors_below_poverty_1y,2012, Arkansas,Craighead County,5031,,825,
perc_seniors_below_poverty_1y,2012, Arkansas,Faulkner County,5045,,962,
perc_seniors_below_poverty_1y,2012, Arkansas,Garland County,5051,,1407,
perc_seniors_below_poverty_1y,2012, Arkansas,Jefferson County,5069,,942,
perc_seniors_below_poverty_1y,2012, Arkansas,Lonoke County,5085,,905,
perc_seniors_below_poverty_1y,2012, Arkansas,Pulaski County,5119,,3924,
perc_seniors_below_poverty_1y,2012, Arkansas,Saline County,5125,,1117,
perc_seniors_below_poverty_1y,2012, Arkansas,Sebastian County,5131,,1626,
perc_seniors_below_poverty_1y,2012, Arkansas,Washington County,5143,,2277,
perc_seniors_below_poverty_1y,2012, Arkansas,White County,5145,,912,
perc_seniors_below_poverty_1y,2012, California,Alameda County,6001,0.085805245,15687,182821
perc_seniors_below_poverty_1y,2012, California,Butte County,6007,,2177,
perc_seniors_below_poverty_1y,2012, California,Contra Costa County,6013,0.064245597,9254,144041
perc_seniors_below_poverty_1y,2012, California,El Dorado County,6017,,1273,
perc_seniors_below_poverty_1y,2012, California,Fresno County,6019,0.112040266,11241,100330
perc_seniors_below_poverty_1y,2012, California,Humboldt County,6023,,1668,
perc_seniors_below_poverty_1y,2012, California,Imperial County,6025,,2611,
perc_seniors_below_poverty_1y,2012, California,Kern County,6029,0.131731093,10595,80429
perc_seniors_below_poverty_1y,2012, California,Kings County,6031,,1576,
perc_seniors_below_poverty_1y,2012, California,Lake County,6033,,1581,
perc_seniors_below_poverty_1y,2012, California,Los Angeles County,6037,0.131707579,150750,1144581
perc_seniors_below_poverty_1y,2012, California,Madera County,6039,,1424,
perc_seniors_below_poverty_1y,2012, California,Marin County,6041,,3081,
perc_seniors_below_poverty_1y,2012, California,Mendocino County,6045,,1267,
perc_seniors_below_poverty_1y,2012, California,Merced County,6047,,3025,
perc_seniors_below_poverty_1y,2012, California,Monterey County,6053,,3836,
perc_seniors_below_poverty_1y,2012, California,Napa County,6055,,1320,
perc_seniors_below_poverty_1y,2012, California,Nevada County,6057,,2069,
perc_seniors_below_poverty_1y,2012, California,Orange County,6059,0.08182402,31204,381355
perc_seniors_below_poverty_1y,2012, California,Placer County,6061,,3333,
perc_seniors_below_poverty_1y,2012, California,Riverside County,6065,0.095507316,26877,281413
perc_seniors_below_poverty_1y,2012, California,Sacramento County,6067,0.099429928,17180,172785
perc_seniors_below_poverty_1y,2012, California,San Bernardino County,6071,0.112885699,22441,198794
perc_seniors_below_poverty_1y,2012, California,San Diego County,6073,0.093261302,35424,379836
perc_seniors_below_poverty_1y,2012, California,San Francisco County,6075,0.157231882,18165,115530
perc_seniors_below_poverty_1y,2012, California,San Joaquin County,6077,0.092722155,7183,77468
perc_seniors_below_poverty_1y,2012, California,San Luis Obispo County,6079,,3045,
perc_seniors_below_poverty_1y,2012, California,San Mateo County,6081,0.060158547,6200,103061
perc_seniors_below_poverty_1y,2012, California,Santa Barbara County,6083,,4845,
perc_seniors_below_poverty_1y,2012, California,Santa Clara County,6085,0.091443725,19514,213399
perc_seniors_below_poverty_1y,2012, California,Santa Cruz County,6087,,2426,
perc_seniors_below_poverty_1y,2012, California,Shasta County,6089,,3429,
perc_seniors_below_poverty_1y,2012, California,Solano County,6095,,4581,
perc_seniors_below_poverty_1y,2012, California,Sonoma County,6097,,5245,
perc_seniors_below_poverty_1y,2012, California,Stanislaus County,6099,,6140,
perc_seniors_below_poverty_1y,2012, California,Sutter County,6101,,2440,
perc_seniors_below_poverty_1y,2012, California,Tulare County,6107,,6433,
perc_seniors_below_poverty_1y,2012, California,Ventura County,6111,0.065486863,6905,105441
perc_seniors_below_poverty_1y,2012, California,Yolo County,6113,,1976,
perc_seniors_below_poverty_1y,2012, California,Yuba County,6115,,892,
perc_seniors_below_poverty_1y,2012, Colorado,Adams County,8001,,3331,
perc_seniors_below_poverty_1y,2012, Colorado,Arapahoe County,8005,0.062436447,4114,65891
perc_seniors_below_poverty_1y,2012, Colorado,Boulder County,8013,,1896,
perc_seniors_below_poverty_1y,2012, Colorado,Denver County,8031,0.112729892,7521,66717
perc_seniors_below_poverty_1y,2012, Colorado,Douglas County,8035,,1128,
perc_seniors_below_poverty_1y,2012, Colorado,El Paso County,8041,0.084466457,5833,69057
perc_seniors_below_poverty_1y,2012, Colorado,Jefferson County,8059,0.046144087,3419,74094
perc_seniors_below_poverty_1y,2012, Colorado,Larimer County,8069,,2108,
perc_seniors_below_poverty_1y,2012, Colorado,Mesa County,8077,,2977,
perc_seniors_below_poverty_1y,2012, Colorado,Pueblo County,8101,,2537,
perc_seniors_below_poverty_1y,2012, Colorado,Weld County,8123,,1946,
perc_seniors_below_poverty_1y,2012, Connecticut,Fairfield County,9001,0.062972546,8229,130676
perc_seniors_below_poverty_1y,2012, Connecticut,Hartford County,9003,0.076735988,10380,135269
perc_seniors_below_poverty_1y,2012, Connecticut,Litchfield County,9005,,1699,
perc_seniors_below_poverty_1y,2012, Connecticut,Middlesex County,9007,,1480,
perc_seniors_below_poverty_1y,2012, Connecticut,New Haven County,9009,0.075592384,9762,129140
perc_seniors_below_poverty_1y,2012, Connecticut,New London County,9011,,2035,
perc_seniors_below_poverty_1y,2012, Connecticut,Tolland County,9013,,594,
perc_seniors_below_poverty_1y,2012, Connecticut,Windham County,9015,,807,
perc_seniors_below_poverty_1y,2012, Delaware,Kent County,10001,,1007,
perc_seniors_below_poverty_1y,2012, Delaware,New Castle County,10003,0.080962151,5722,70675
perc_seniors_below_poverty_1y,2012, Delaware,Sussex County,10005,,3360,
perc_seniors_below_poverty_1y,2012, District of Columbia,District of Columbia,11001,0.115450412,8301,71901
perc_seniors_below_poverty_1y,2012, Florida,Alachua County,12001,,2277,
perc_seniors_below_poverty_1y,2012, Florida,Bay County,12005,,1835,
perc_seniors_below_poverty_1y,2012, Florida,Brevard County,12009,0.067226462,7934,118019
perc_seniors_below_poverty_1y,2012, Florida,Broward County,12011,0.13540566,36024,266045
perc_seniors_below_poverty_1y,2012, Florida,Charlotte County,12015,,3168,
perc_seniors_below_poverty_1y,2012, Florida,Citrus County,12017,,4204,
perc_seniors_below_poverty_1y,2012, Florida,Clay County,12019,,1537,
perc_seniors_below_poverty_1y,2012, Florida,Collier County,12021,,7250,
perc_seniors_below_poverty_1y,2012, Florida,Columbia County,12023,,588,
perc_seniors_below_poverty_1y,2012, Florida,Duval County,12031,0.095334843,9995,104841
perc_seniors_below_poverty_1y,2012, Florida,Escambia County,12033,,3315,
perc_seniors_below_poverty_1y,2012, Florida,Flagler County,12035,,2651,
perc_seniors_below_poverty_1y,2012, Florida,Hernando County,12053,,3832,
perc_seniors_below_poverty_1y,2012, Florida,Highlands County,12055,,3723,
perc_seniors_below_poverty_1y,2012, Florida,Hillsborough County,12057,0.126323164,20025,158522
perc_seniors_below_poverty_1y,2012, Florida,Indian River County,12061,,2699,
perc_seniors_below_poverty_1y,2012, Florida,Lake County,12069,,4844,
perc_seniors_below_poverty_1y,2012, Florida,Lee County,12071,0.067569159,10886,161109
perc_seniors_below_poverty_1y,2012, Florida,Leon County,12073,,2693,
perc_seniors_below_poverty_1y,2012, Florida,Manatee County,12081,,7070,
perc_seniors_below_poverty_1y,2012, Florida,Marion County,12083,,6431,
perc_seniors_below_poverty_1y,2012, Florida,Martin County,12085,,2277,
perc_seniors_below_poverty_1y,2012, Florida,Miami-Dade County,12086,0.202686846,76342,376650
perc_seniors_below_poverty_1y,2012, Florida,Monroe County,12087,,1290,
perc_seniors_below_poverty_1y,2012, Florida,Nassau County,12089,,442,
perc_seniors_below_poverty_1y,2012, Florida,Okaloosa County,12091,,1668,
perc_seniors_below_poverty_1y,2012, Florida,Orange County,12095,0.127473846,15581,122229
perc_seniors_below_poverty_1y,2012, Florida,Osceola County,12097,,3967,
perc_seniors_below_poverty_1y,2012, Florida,Palm Beach County,12099,0.081373982,24403,299887
perc_seniors_below_poverty_1y,2012, Florida,Pasco County,12101,,8332,
perc_seniors_below_poverty_1y,2012, Florida,Pinellas County,12103,0.07070975,14404,203706
perc_seniors_below_poverty_1y,2012, Florida,Polk County,12105,0.097429052,11312,116105
perc_seniors_below_poverty_1y,2012, Florida,Putnam County,12107,,1356,
perc_seniors_below_poverty_1y,2012, Florida,Santa Rosa County,12113,,1145,
perc_seniors_below_poverty_1y,2012, Florida,Sarasota County,12115,,8731,
perc_seniors_below_poverty_1y,2012, Florida,Seminole County,12117,,4461,
perc_seniors_below_poverty_1y,2012, Florida,St. Johns County,12109,,2595,
perc_seniors_below_poverty_1y,2012, Florida,St. Lucie County,12111,,4223,
perc_seniors_below_poverty_1y,2012, Florida,Sumter County,12119,,2464,
perc_seniors_below_poverty_1y,2012, Florida,Volusia County,12127,0.09870933,10883,110253
perc_seniors_below_poverty_1y,2012, Georgia,Barrow County,13013,,968,
perc_seniors_below_poverty_1y,2012, Georgia,Bartow County,13015,,2225,
perc_seniors_below_poverty_1y,2012, Georgia,Bibb County,13021,,2233,
perc_seniors_below_poverty_1y,2012, Georgia,Bulloch County,13031,,734,
perc_seniors_below_poverty_1y,2012, Georgia,Carroll County,13045,,2130,
perc_seniors_below_poverty_1y,2012, Georgia,Catoosa County,13047,,635,
perc_seniors_below_poverty_1y,2012, Georgia,Chatham County,13051,,2782,
perc_seniors_below_poverty_1y,2012, Georgia,Cherokee County,13057,,1877,
perc_seniors_below_poverty_1y,2012, Georgia,Clarke County,13059,,1121,
perc_seniors_below_poverty_1y,2012, Georgia,Clayton County,13063,,2453,
perc_seniors_below_poverty_1y,2012, Georgia,Cobb County,13067,0.048351776,3312,68498
perc_seniors_below_poverty_1y,2012, Georgia,Columbia County,13073,,1004,
perc_seniors_below_poverty_1y,2012, Georgia,Coweta County,13077,,1013,
perc_seniors_below_poverty_1y,2012, Georgia,DeKalb County,13089,0.126045063,8503,67460
perc_seniors_below_poverty_1y,2012, Georgia,Dougherty County,13095,,1862,
perc_seniors_below_poverty_1y,2012, Georgia,Douglas County,13097,,1186,
perc_seniors_below_poverty_1y,2012, Georgia,Fayette County,13113,,667,
perc_seniors_below_poverty_1y,2012, Georgia,Floyd County,13115,,2401,
perc_seniors_below_poverty_1y,2012, Georgia,Forsyth County,13117,,1468,
perc_seniors_below_poverty_1y,2012, Georgia,Fulton County,13121,0.117406487,10995,93649
perc_seniors_below_poverty_1y,2012, Georgia,Glynn County,13127,,1481,
perc_seniors_below_poverty_1y,2012, Georgia,Gwinnett County,13135,0.093089223,6071,65217
perc_seniors_below_poverty_1y,2012, Georgia,Hall County,13139,,2032,
perc_seniors_below_poverty_1y,2012, Georgia,Henry County,13151,,1089,
perc_seniors_below_poverty_1y,2012, Georgia,Houston County,13153,,2111,
perc_seniors_below_poverty_1y,2012, Georgia,Liberty County,13179,,540,
perc_seniors_below_poverty_1y,2012, Georgia,Lowndes County,13185,,928,
perc_seniors_below_poverty_1y,2012, Georgia,Muscogee County,13215,,3206,
perc_seniors_below_poverty_1y,2012, Georgia,Newton County,13217,,802,
perc_seniors_below_poverty_1y,2012, Georgia,Paulding County,13223,,1305,
perc_seniors_below_poverty_1y,2012, Georgia,Richmond County,13245,,2499,
perc_seniors_below_poverty_1y,2012, Georgia,Rockdale County,13247,,1031,
perc_seniors_below_poverty_1y,2012, Georgia,Troup County,13285,,952,
perc_seniors_below_poverty_1y,2012, Georgia,Walker County,13295,,1080,
perc_seniors_below_poverty_1y,2012, Georgia,Walton County,13297,,892,
perc_seniors_below_poverty_1y,2012, Georgia,Whitfield County,13313,,1531,
perc_seniors_below_poverty_1y,2012, Hawaii,Hawaii County,15001,,2665,
perc_seniors_below_poverty_1y,2012, Hawaii,Honolulu County,15003,0.067116506,9887,147311
perc_seniors_below_poverty_1y,2012, Hawaii,Kauai County,15007,,719,
perc_seniors_below_poverty_1y,2012, Hawaii,Maui County,15009,,830,
perc_seniors_below_poverty_1y,2012, Idaho,Ada County,16001,,3990,
perc_seniors_below_poverty_1y,2012, Idaho,Bannock County,16005,,720,
perc_seniors_below_poverty_1y,2012, Idaho,Bonneville County,16019,,982,
perc_seniors_below_poverty_1y,2012, Idaho,Canyon County,16027,,3036,
perc_seniors_below_poverty_1y,2012, Idaho,Kootenai County,16055,,1274,
perc_seniors_below_poverty_1y,2012, Idaho,Twin Falls County,16083,,832,
perc_seniors_below_poverty_1y,2012, Illinois,Adams County,17001,,737,
perc_seniors_below_poverty_1y,2012, Illinois,Champaign County,17019,,1346,
perc_seniors_below_poverty_1y,2012, Illinois,Cook County,17031,0.119585767,77485,647945
perc_seniors_below_poverty_1y,2012, Illinois,DeKalb County,17037,,306,
perc_seniors_below_poverty_1y,2012, Illinois,DuPage County,17043,0.055285886,6401,115780
perc_seniors_below_poverty_1y,2012, Illinois,Kane County,17089,,2492,
perc_seniors_below_poverty_1y,2012, Illinois,Kankakee County,17091,,1299,
perc_seniors_below_poverty_1y,2012, Illinois,Kendall County,17093,,750,
perc_seniors_below_poverty_1y,2012, Illinois,LaSalle County,17099,,1105,
perc_seniors_below_poverty_1y,2012, Illinois,Lake County,17097,0.05616929,4454,79296
perc_seniors_below_poverty_1y,2012, Illinois,Macon County,17115,,868,
perc_seniors_below_poverty_1y,2012, Illinois,Madison County,17119,,2020,
perc_seniors_below_poverty_1y,2012, Illinois,McHenry County,17111,,1889,
perc_seniors_below_poverty_1y,2012, Illinois,McLean County,17113,,1100,
perc_seniors_below_poverty_1y,2012, Illinois,Peoria County,17143,,2085,
perc_seniors_below_poverty_1y,2012, Illinois,Rock Island County,17161,,1390,
perc_seniors_below_poverty_1y,2012, Illinois,Sangamon County,17167,,1502,
perc_seniors_below_poverty_1y,2012, Illinois,St. Clair County,17163,,3355,
perc_seniors_below_poverty_1y,2012, Illinois,Tazewell County,17179,,1826,
perc_seniors_below_poverty_1y,2012, Illinois,Vermilion County,17183,,1253,
perc_seniors_below_poverty_1y,2012, Illinois,Will County,17197,0.062132552,4333,69738
perc_seniors_below_poverty_1y,2012, Illinois,Williamson County,17199,,646,
perc_seniors_below_poverty_1y,2012, Illinois,Winnebago County,17201,,2646,
perc_seniors_below_poverty_1y,2012, Indiana,Allen County,18003,,3313,
perc_seniors_below_poverty_1y,2012, Indiana,Bartholomew County,18005,,711,
perc_seniors_below_poverty_1y,2012, Indiana,Clark County,18019,,1012,
perc_seniors_below_poverty_1y,2012, Indiana,Delaware County,18035,,1210,
perc_seniors_below_poverty_1y,2012, Indiana,Elkhart County,18039,,2051,
perc_seniors_below_poverty_1y,2012, Indiana,Floyd County,18043,,945,
perc_seniors_below_poverty_1y,2012, Indiana,Grant County,18053,,1039,
perc_seniors_below_poverty_1y,2012, Indiana,Hamilton County,18057,,371,
perc_seniors_below_poverty_1y,2012, Indiana,Hancock County,18059,,315,
perc_seniors_below_poverty_1y,2012, Indiana,Hendricks County,18063,,409,
perc_seniors_below_poverty_1y,2012, Indiana,Howard County,18067,,294,
perc_seniors_below_poverty_1y,2012, Indiana,Johnson County,18081,,1165,
perc_seniors_below_poverty_1y,2012, Indiana,Kosciusko County,18085,,740,
perc_seniors_below_poverty_1y,2012, Indiana,LaPorte County,18091,,1795,
perc_seniors_below_poverty_1y,2012, Indiana,Lake County,18089,,5027,
perc_seniors_below_poverty_1y,2012, Indiana,Madison County,18095,,1058,
perc_seniors_below_poverty_1y,2012, Indiana,Marion County,18097,0.104163967,10454,100361
perc_seniors_below_poverty_1y,2012, Indiana,Monroe County,18105,,868,
perc_seniors_below_poverty_1y,2012, Indiana,Morgan County,18109,,264,
perc_seniors_below_poverty_1y,2012, Indiana,Porter County,18127,,1133,
perc_seniors_below_poverty_1y,2012, Indiana,St. Joseph County,18141,,2086,
perc_seniors_below_poverty_1y,2012, Indiana,Tippecanoe County,18157,,483,
perc_seniors_below_poverty_1y,2012, Indiana,Vanderburgh County,18163,,1777,
perc_seniors_below_poverty_1y,2012, Indiana,Vigo County,18167,,546,
perc_seniors_below_poverty_1y,2012, Indiana,Wayne County,18177,,1027,
perc_seniors_below_poverty_1y,2012, Iowa,Black Hawk County,19013,,870,
perc_seniors_below_poverty_1y,2012, Iowa,Dallas County,19049,,425,
perc_seniors_below_poverty_1y,2012, Iowa,Dubuque County,19061,,1461,
perc_seniors_below_poverty_1y,2012, Iowa,Johnson County,19103,,402,
perc_seniors_below_poverty_1y,2012, Iowa,Linn County,19113,,2219,
perc_seniors_below_poverty_1y,2012, Iowa,Polk County,19153,,2418,
perc_seniors_below_poverty_1y,2012, Iowa,Pottawattamie County,19155,,1282,
perc_seniors_below_poverty_1y,2012, Iowa,Scott County,19163,,1480,
perc_seniors_below_poverty_1y,2012, Iowa,Story County,19169,,399,
perc_seniors_below_poverty_1y,2012, Iowa,Woodbury County,19193,,1316,
perc_seniors_below_poverty_1y,2012, Kansas,Butler County,20015,,548,
perc_seniors_below_poverty_1y,2012, Kansas,Douglas County,20045,,539,
perc_seniors_below_poverty_1y,2012, Kansas,Johnson County,20091,0.039210625,2583,65875
perc_seniors_below_poverty_1y,2012, Kansas,Leavenworth County,20103,,470,
perc_seniors_below_poverty_1y,2012, Kansas,Riley County,20161,,78,
perc_seniors_below_poverty_1y,2012, Kansas,Sedgwick County,20173,,5205,
perc_seniors_below_poverty_1y,2012, Kansas,Shawnee County,20177,,1170,
perc_seniors_below_poverty_1y,2012, Kansas,Wyandotte County,20209,,1666,
perc_seniors_below_poverty_1y,2012, Kentucky,Boone County,21015,,933,
perc_seniors_below_poverty_1y,2012, Kentucky,Bullitt County,21029,,747,
perc_seniors_below_poverty_1y,2012, Kentucky,Campbell County,21037,,513,
perc_seniors_below_poverty_1y,2012, Kentucky,Christian County,21047,,665,
perc_seniors_below_poverty_1y,2012, Kentucky,Daviess County,21059,,1544,
perc_seniors_below_poverty_1y,2012, Kentucky,Fayette County,21067,,2089,
perc_seniors_below_poverty_1y,2012, Kentucky,Hardin County,21093,,1315,
perc_seniors_below_poverty_1y,2012, Kentucky,Jefferson County,21111,0.095802054,9966,104027
perc_seniors_below_poverty_1y,2012, Kentucky,Kenton County,21117,,1634,
perc_seniors_below_poverty_1y,2012, Kentucky,Madison County,21151,,1127,
perc_seniors_below_poverty_1y,2012, Kentucky,McCracken County,21145,,892,
perc_seniors_below_poverty_1y,2012, Kentucky,Pike County,21195,,1789,
perc_seniors_below_poverty_1y,2012, Kentucky,Warren County,21227,,1067,
perc_seniors_below_poverty_1y,2012, Louisiana,Ascension Parish,22005,,923,
perc_seniors_below_poverty_1y,2012, Louisiana,Bossier Parish,22015,,1054,
perc_seniors_below_poverty_1y,2012, Louisiana,Caddo Parish,22017,,3890,
perc_seniors_below_poverty_1y,2012, Louisiana,Calcasieu Parish,22019,,2032,
perc_seniors_below_poverty_1y,2012, Louisiana,East Baton Rouge Parish,22033,,4606,
perc_seniors_below_poverty_1y,2012, Louisiana,Iberia Parish,22045,,1087,
perc_seniors_below_poverty_1y,2012, Louisiana,Jefferson Parish,22051,,6943,
perc_seniors_below_poverty_1y,2012, Louisiana,Lafayette Parish,22055,,2177,
perc_seniors_below_poverty_1y,2012, Louisiana,Lafourche Parish,22057,,1404,
perc_seniors_below_poverty_1y,2012, Louisiana,Livingston Parish,22063,,1881,
perc_seniors_below_poverty_1y,2012, Louisiana,Orleans Parish,22071,,6947,
perc_seniors_below_poverty_1y,2012, Louisiana,Ouachita Parish,22073,,2615,
perc_seniors_below_poverty_1y,2012, Louisiana,Rapides Parish,22079,,1941,
perc_seniors_below_poverty_1y,2012, Louisiana,St. Landry Parish,22097,,1841,
perc_seniors_below_poverty_1y,2012, Louisiana,St. Tammany Parish,22103,,2883,
perc_seniors_below_poverty_1y,2012, Louisiana,Tangipahoa Parish,22105,,3397,
perc_seniors_below_poverty_1y,2012, Louisiana,Terrebonne Parish,22109,,1510,
perc_seniors_below_poverty_1y,2012, Maine,Androscoggin County,23001,,1434,
perc_seniors_below_poverty_1y,2012, Maine,Aroostook County,23003,,1696,
perc_seniors_below_poverty_1y,2012, Maine,Cumberland County,23005,,2356,
perc_seniors_below_poverty_1y,2012, Maine,Kennebec County,23011,,1123,
perc_seniors_below_poverty_1y,2012, Maine,Penobscot County,23019,,2471,
perc_seniors_below_poverty_1y,2012, Maine,York County,23031,,2722,
perc_seniors_below_poverty_1y,2012, Maryland,Allegany County,24001,,1114,
perc_seniors_below_poverty_1y,2012, Maryland,Anne Arundel County,24003,0.068774961,4804,69851
perc_seniors_below_poverty_1y,2012, Maryland,Baltimore County,24005,0.052443307,6480,123562
perc_seniors_below_poverty_1y,2012, Maryland,Baltimore city,24510,0.175698712,12988,73922
perc_seniors_below_poverty_1y,2012, Maryland,Calvert County,24009,,445,
perc_seniors_below_poverty_1y,2012, Maryland,Carroll County,24013,,1092,
perc_seniors_below_poverty_1y,2012, Maryland,Cecil County,24015,,763,
perc_seniors_below_poverty_1y,2012, Maryland,Charles County,24017,,1501,
perc_seniors_below_poverty_1y,2012, Maryland,Frederick County,24021,,1441,
perc_seniors_below_poverty_1y,2012, Maryland,Harford County,24025,,2373,
perc_seniors_below_poverty_1y,2012, Maryland,Howard County,24027,,1332,
perc_seniors_below_poverty_1y,2012, Maryland,Montgomery County,24031,0.062758707,8157,129974
perc_seniors_below_poverty_1y,2012, Maryland,Prince George's County,24033,0.072550364,6569,90544
perc_seniors_below_poverty_1y,2012, Maryland,St. Mary's County,24037,,326,
perc_seniors_below_poverty_1y,2012, Maryland,Washington County,24043,,2110,
perc_seniors_below_poverty_1y,2012, Maryland,Wicomico County,24045,,976,
perc_seniors_below_poverty_1y,2012, Massachusetts,Barnstable County,25001,,3902,
perc_seniors_below_poverty_1y,2012, Massachusetts,Berkshire County,25003,,1558,
perc_seniors_below_poverty_1y,2012, Massachusetts,Bristol County,25005,0.100828126,8328,82596
perc_seniors_below_poverty_1y,2012, Massachusetts,Essex County,25009,0.101543382,11369,111962
perc_seniors_below_poverty_1y,2012, Massachusetts,Franklin County,25011,,812,
perc_seniors_below_poverty_1y,2012, Massachusetts,Hampden County,25013,,6614,
perc_seniors_below_poverty_1y,2012, Massachusetts,Hampshire County,25015,,949,
perc_seniors_below_poverty_1y,2012, Massachusetts,Middlesex County,25017,0.068564177,14268,208097
perc_seniors_below_poverty_1y,2012, Massachusetts,Norfolk County,25021,0.073193952,7534,102932
perc_seniors_below_poverty_1y,2012, Massachusetts,Plymouth County,25023,,5061,
perc_seniors_below_poverty_1y,2012, Massachusetts,Suffolk County,25025,0.192818373,15524,80511
perc_seniors_below_poverty_1y,2012, Massachusetts,Worcester County,25027,0.091318116,9864,108018
perc_seniors_below_poverty_1y,2012, Michigan,Allegan County,26005,,1059,
perc_seniors_below_poverty_1y,2012, Michigan,Bay County,26017,,1765,
perc_seniors_below_poverty_1y,2012, Michigan,Berrien County,26021,,3031,
perc_seniors_below_poverty_1y,2012, Michigan,Calhoun County,26025,,2281,
perc_seniors_below_poverty_1y,2012, Michigan,Clinton County,26037,,514,
perc_seniors_below_poverty_1y,2012, Michigan,Eaton County,26045,,800,
perc_seniors_below_poverty_1y,2012, Michigan,Genesee County,26049,,4516,
perc_seniors_below_poverty_1y,2012, Michigan,Grand Traverse County,26055,,1114,
perc_seniors_below_poverty_1y,2012, Michigan,Ingham County,26065,,1817,
perc_seniors_below_poverty_1y,2012, Michigan,Isabella County,26073,,559,
perc_seniors_below_poverty_1y,2012, Michigan,Jackson County,26075,,1825,
perc_seniors_below_poverty_1y,2012, Michigan,Kalamazoo County,26077,,2506,
perc_seniors_below_poverty_1y,2012, Michigan,Kent County,26081,0.060702339,4337,71447
perc_seniors_below_poverty_1y,2012, Michigan,Lapeer County,26087,,665,
perc_seniors_below_poverty_1y,2012, Michigan,Lenawee County,26091,,1148,
perc_seniors_below_poverty_1y,2012, Michigan,Livingston County,26093,,910,
perc_seniors_below_poverty_1y,2012, Michigan,Macomb County,26099,0.078379631,9951,126959
perc_seniors_below_poverty_1y,2012, Michigan,Marquette County,26103,,852,
perc_seniors_below_poverty_1y,2012, Michigan,Midland County,26111,,648,
perc_seniors_below_poverty_1y,2012, Michigan,Monroe County,26115,,1192,
perc_seniors_below_poverty_1y,2012, Michigan,Muskegon County,26121,,1988,
perc_seniors_below_poverty_1y,2012, Michigan,Oakland County,26125,0.057572987,9947,172772
perc_seniors_below_poverty_1y,2012, Michigan,Ottawa County,26139,,1057,
perc_seniors_below_poverty_1y,2012, Michigan,Saginaw County,26145,,2677,
perc_seniors_below_poverty_1y,2012, Michigan,Shiawassee County,26155,,662,
perc_seniors_below_poverty_1y,2012, Michigan,St. Clair County,26147,,2171,
perc_seniors_below_poverty_1y,2012, Michigan,Van Buren County,26159,,848,
perc_seniors_below_poverty_1y,2012, Michigan,Washtenaw County,26161,,2267,
perc_seniors_below_poverty_1y,2012, Michigan,Wayne County,26163,0.128386363,30297,235983
perc_seniors_below_poverty_1y,2012, Minnesota,Anoka County,27003,,2278,
perc_seniors_below_poverty_1y,2012, Minnesota,Blue Earth County,27013,,481,
perc_seniors_below_poverty_1y,2012, Minnesota,Carver County,27019,,936,
perc_seniors_below_poverty_1y,2012, Minnesota,Dakota County,27037,,1951,
perc_seniors_below_poverty_1y,2012, Minnesota,Hennepin County,27053,0.081347004,11426,140460
perc_seniors_below_poverty_1y,2012, Minnesota,Olmsted County,27109,,1804,
perc_seniors_below_poverty_1y,2012, Minnesota,Ramsey County,27123,0.064748861,4227,65283
perc_seniors_below_poverty_1y,2012, Minnesota,Scott County,27139,,854,
perc_seniors_below_poverty_1y,2012, Minnesota,Sherburne County,27141,,491,
perc_seniors_below_poverty_1y,2012, Minnesota,St. Louis County,27137,,2302,
perc_seniors_below_poverty_1y,2012, Minnesota,Stearns County,27145,,2113,
perc_seniors_below_poverty_1y,2012, Minnesota,Washington County,27163,,1531,
perc_seniors_below_poverty_1y,2012, Minnesota,Wright County,27171,,1338,
perc_seniors_below_poverty_1y,2012, Mississippi,DeSoto County,28033,,1094,
perc_seniors_below_poverty_1y,2012, Mississippi,Forrest County,28035,,1846,
perc_seniors_below_poverty_1y,2012, Mississippi,Harrison County,28047,,2563,
perc_seniors_below_poverty_1y,2012, Mississippi,Hinds County,28049,,2858,
perc_seniors_below_poverty_1y,2012, Mississippi,Jackson County,28059,,1816,
perc_seniors_below_poverty_1y,2012, Mississippi,Jones County,28067,,1279,
perc_seniors_below_poverty_1y,2012, Mississippi,Lauderdale County,28075,,1765,
perc_seniors_below_poverty_1y,2012, Mississippi,Lee County,28081,,769,
perc_seniors_below_poverty_1y,2012, Mississippi,Madison County,28089,,1475,
perc_seniors_below_poverty_1y,2012, Mississippi,Rankin County,28121,,1758,
perc_seniors_below_poverty_1y,2012, Missouri,Boone County,29019,,760,
perc_seniors_below_poverty_1y,2012, Missouri,Buchanan County,29021,,1037,
perc_seniors_below_poverty_1y,2012, Missouri,Cape Girardeau County,29031,,1184,
perc_seniors_below_poverty_1y,2012, Missouri,Cass County,29037,,803,
perc_seniors_below_poverty_1y,2012, Missouri,Christian County,29043,,1244,
perc_seniors_below_poverty_1y,2012, Missouri,Clay County,29047,,1138,
perc_seniors_below_poverty_1y,2012, Missouri,Cole County,29051,,700,
perc_seniors_below_poverty_1y,2012, Missouri,Franklin County,29071,,1365,
perc_seniors_below_poverty_1y,2012, Missouri,Greene County,29077,,2789,
perc_seniors_below_poverty_1y,2012, Missouri,Jackson County,29095,0.080725238,7057,87420
perc_seniors_below_poverty_1y,2012, Missouri,Jasper County,29097,,1752,
perc_seniors_below_poverty_1y,2012, Missouri,Jefferson County,29099,,1377,
perc_seniors_below_poverty_1y,2012, Missouri,Platte County,29165,,434,
perc_seniors_below_poverty_1y,2012, Missouri,St. Charles County,29183,,2576,
perc_seniors_below_poverty_1y,2012, Missouri,St. Francois County,29187,,1400,
perc_seniors_below_poverty_1y,2012, Missouri,St. Louis County,29189,0.060385812,9488,157123
perc_seniors_below_poverty_1y,2012, Missouri,St. Louis city,29510,,5467,
perc_seniors_below_poverty_1y,2012, Montana,Cascade County,30013,,1091,
perc_seniors_below_poverty_1y,2012, Montana,Flathead County,30029,,801,
perc_seniors_below_poverty_1y,2012, Montana,Gallatin County,30031,,384,
perc_seniors_below_poverty_1y,2012, Montana,Missoula County,30063,,1163,
perc_seniors_below_poverty_1y,2012, Montana,Yellowstone County,30111,,1463,
perc_seniors_below_poverty_1y,2012, Nebraska,Douglas County,31055,,4241,
perc_seniors_below_poverty_1y,2012, Nebraska,Lancaster County,31109,,1593,
perc_seniors_below_poverty_1y,2012, Nebraska,Sarpy County,31153,,678,
perc_seniors_below_poverty_1y,2012, Nevada,Clark County,32003,0.085921474,21114,245736
perc_seniors_below_poverty_1y,2012, Nevada,Washoe County,32031,,4118,
perc_seniors_below_poverty_1y,2012, New Hampshire,Cheshire County,33005,,1354,
perc_seniors_below_poverty_1y,2012, New Hampshire,Grafton County,33009,,1064,
perc_seniors_below_poverty_1y,2012, New Hampshire,Hillsborough County,33011,,2966,
perc_seniors_below_poverty_1y,2012, New Hampshire,Merrimack County,33013,,1212,
perc_seniors_below_poverty_1y,2012, New Hampshire,Rockingham County,33015,,2079,
perc_seniors_below_poverty_1y,2012, New Hampshire,Strafford County,33017,,1309,
perc_seniors_below_poverty_1y,2012, New Jersey,Atlantic County,34001,,2795,
perc_seniors_below_poverty_1y,2012, New Jersey,Bergen County,34003,0.081405669,11652,143135
perc_seniors_below_poverty_1y,2012, New Jersey,Burlington County,34005,,3551,
perc_seniors_below_poverty_1y,2012, New Jersey,Camden County,34007,0.097356342,6765,69487
perc_seniors_below_poverty_1y,2012, New Jersey,Cape May County,34009,,1412,
perc_seniors_below_poverty_1y,2012, New Jersey,Cumberland County,34011,,3210,
perc_seniors_below_poverty_1y,2012, New Jersey,Essex County,34013,0.112881184,10657,94409
perc_seniors_below_poverty_1y,2012, New Jersey,Gloucester County,34015,,2970,
perc_seniors_below_poverty_1y,2012, New Jersey,Hudson County,34017,0.145063609,9965,68694
perc_seniors_below_poverty_1y,2012, New Jersey,Hunterdon County,34019,,711,
perc_seniors_below_poverty_1y,2012, New Jersey,Mercer County,34021,,2781,
perc_seniors_below_poverty_1y,2012, New Jersey,Middlesex County,34023,0.065837666,6957,105669
perc_seniors_below_poverty_1y,2012, New Jersey,Monmouth County,34025,0.053577788,4965,92669
perc_seniors_below_poverty_1y,2012, New Jersey,Morris County,34027,,3298,
perc_seniors_below_poverty_1y,2012, New Jersey,Ocean County,34029,0.065512858,8199,125151
perc_seniors_below_poverty_1y,2012, New Jersey,Passaic County,34031,,7294,
perc_seniors_below_poverty_1y,2012, New Jersey,Salem County,34033,,723,
perc_seniors_below_poverty_1y,2012, New Jersey,Somerset County,34035,,2264,
perc_seniors_below_poverty_1y,2012, New Jersey,Sussex County,34037,,973,
perc_seniors_below_poverty_1y,2012, New Jersey,Union County,34039,0.058638308,4097,69869
perc_seniors_below_poverty_1y,2012, New Jersey,Warren County,34041,,812,
perc_seniors_below_poverty_1y,2012, New Mexico,Bernalillo County,35001,0.08030241,7074,88092
perc_seniors_below_poverty_1y,2012, New Mexico,Chaves County,35005,,1777,
perc_seniors_below_poverty_1y,2012, New Mexico,Doña Ana County,35013,,3506,
perc_seniors_below_poverty_1y,2012, New Mexico,Lea County,35025,,1115,
perc_seniors_below_poverty_1y,2012, New Mexico,McKinley County,35031,,2344,
perc_seniors_below_poverty_1y,2012, New Mexico,Otero County,35035,,587,
perc_seniors_below_poverty_1y,2012, New Mexico,San Juan County,35045,,1862,
perc_seniors_below_poverty_1y,2012, New Mexico,Sandoval County,35043,,1054,
perc_seniors_below_poverty_1y,2012, New Mexico,Santa Fe County,35049,,2356,
perc_seniors_below_poverty_1y,2012, New Mexico,Valencia County,35061,,2499,
perc_seniors_below_poverty_1y,2012, New York,Albany County,36001,,4215,
perc_seniors_below_poverty_1y,2012, New York,Bronx County,36005,0.233115509,35852,153795
perc_seniors_below_poverty_1y,2012, New York,Broome County,36007,,2786,
perc_seniors_below_poverty_1y,2012, New York,Cattaraugus County,36009,,1475,
perc_seniors_below_poverty_1y,2012, New York,Cayuga County,36011,,746,
perc_seniors_below_poverty_1y,2012, New York,Chautauqua County,36013,,1915,
perc_seniors_below_poverty_1y,2012, New York,Chemung County,36015,,964,
perc_seniors_below_poverty_1y,2012, New York,Clinton County,36019,,580,
perc_seniors_below_poverty_1y,2012, New York,Dutchess County,36027,,2374,
perc_seniors_below_poverty_1y,2012, New York,Erie County,36029,0.069358461,10262,147956
perc_seniors_below_poverty_1y,2012, New York,Jefferson County,36045,,812,
perc_seniors_below_poverty_1y,2012, New York,Kings County,36047,0.240717217,72563,301445
perc_seniors_below_poverty_1y,2012, New York,Livingston County,36051,,1087,
perc_seniors_below_poverty_1y,2012, New York,Madison County,36053,,930,
perc_seniors_below_poverty_1y,2012, New York,Monroe County,36055,0.064576939,7091,109807
perc_seniors_below_poverty_1y,2012, New York,Nassau County,36059,0.044525545,9492,213181
perc_seniors_below_poverty_1y,2012, New York,New York County,36061,0.174369186,39473,226376
perc_seniors_below_poverty_1y,2012, New York,Niagara County,36063,,2496,
perc_seniors_below_poverty_1y,2012, New York,Oneida County,36065,,3294,
perc_seniors_below_poverty_1y,2012, New York,Onondaga County,36067,,4898,
perc_seniors_below_poverty_1y,2012, New York,Ontario County,36069,,1223,
perc_seniors_below_poverty_1y,2012, New York,Orange County,36071,,2766,
perc_seniors_below_poverty_1y,2012, New York,Oswego County,36075,,1367,
perc_seniors_below_poverty_1y,2012, New York,Putnam County,36079,,391,
perc_seniors_below_poverty_1y,2012, New York,Queens County,36081,0.128446147,38549,300118
perc_seniors_below_poverty_1y,2012, New York,Rensselaer County,36083,,911,
perc_seniors_below_poverty_1y,2012, New York,Richmond County,36085,,6938,
perc_seniors_below_poverty_1y,2012, New York,Rockland County,36087,,2797,
perc_seniors_below_poverty_1y,2012, New York,Saratoga County,36091,,2053,
perc_seniors_below_poverty_1y,2012, New York,Schenectady County,36093,,1630,
perc_seniors_below_poverty_1y,2012, New York,St. Lawrence County,36089,,1381,
perc_seniors_below_poverty_1y,2012, New York,Steuben County,36101,,1231,
perc_seniors_below_poverty_1y,2012, New York,Suffolk County,36103,0.055189032,11979,217054
perc_seniors_below_poverty_1y,2012, New York,Sullivan County,36105,,1155,
perc_seniors_below_poverty_1y,2012, New York,Tompkins County,36109,,628,
perc_seniors_below_poverty_1y,2012, New York,Ulster County,36111,,1757,
perc_seniors_below_poverty_1y,2012, New York,Warren County,36113,,935,
perc_seniors_below_poverty_1y,2012, New York,Wayne County,36117,,643,
perc_seniors_below_poverty_1y,2012, New York,Westchester County,36119,0.066269636,9681,146085
perc_seniors_below_poverty_1y,2012, North Carolina,Alamance County,37001,,2264,
perc_seniors_below_poverty_1y,2012, North Carolina,Brunswick County,37019,,999,
perc_seniors_below_poverty_1y,2012, North Carolina,Buncombe County,37021,,3810,
perc_seniors_below_poverty_1y,2012, North Carolina,Burke County,37023,,1647,
perc_seniors_below_poverty_1y,2012, North Carolina,Cabarrus County,37025,,1474,
perc_seniors_below_poverty_1y,2012, North Carolina,Caldwell County,37027,,2059,
perc_seniors_below_poverty_1y,2012, North Carolina,Carteret County,37031,,755,
perc_seniors_below_poverty_1y,2012, North Carolina,Catawba County,37035,,1481,
perc_seniors_below_poverty_1y,2012, North Carolina,Chatham County,37037,,781,
perc_seniors_below_poverty_1y,2012, North Carolina,Cleveland County,37045,,1658,
perc_seniors_below_poverty_1y,2012, North Carolina,Craven County,37049,,1447,
perc_seniors_below_poverty_1y,2012, North Carolina,Cumberland County,37051,,3191,
perc_seniors_below_poverty_1y,2012, North Carolina,Davidson County,37057,,2162,
perc_seniors_below_poverty_1y,2012, North Carolina,Durham County,37063,,2874,
perc_seniors_below_poverty_1y,2012, North Carolina,Forsyth County,37067,,3233,
perc_seniors_below_poverty_1y,2012, North Carolina,Gaston County,37071,,3028,
perc_seniors_below_poverty_1y,2012, North Carolina,Guilford County,37081,0.08445286,5532,65504
perc_seniors_below_poverty_1y,2012, North Carolina,Harnett County,37085,,1449,
perc_seniors_below_poverty_1y,2012, North Carolina,Henderson County,37089,,1113,
perc_seniors_below_poverty_1y,2012, North Carolina,Iredell County,37097,,1777,
perc_seniors_below_poverty_1y,2012, North Carolina,Johnston County,37101,,2212,
perc_seniors_below_poverty_1y,2012, North Carolina,Lincoln County,37109,,1377,
perc_seniors_below_poverty_1y,2012, North Carolina,Mecklenburg County,37119,0.08519236,7737,90818
perc_seniors_below_poverty_1y,2012, North Carolina,Moore County,37125,,1839,
perc_seniors_below_poverty_1y,2012, North Carolina,Nash County,37127,,2017,
perc_seniors_below_poverty_1y,2012, North Carolina,New Hanover County,37129,,1887,
perc_seniors_below_poverty_1y,2012, North Carolina,Onslow County,37133,,1111,
perc_seniors_below_poverty_1y,2012, North Carolina,Orange County,37135,,718,
perc_seniors_below_poverty_1y,2012, North Carolina,Pitt County,37147,,2306,
perc_seniors_below_poverty_1y,2012, North Carolina,Randolph County,37151,,2587,
perc_seniors_below_poverty_1y,2012, North Carolina,Robeson County,37155,,3689,
perc_seniors_below_poverty_1y,2012, North Carolina,Rockingham County,37157,,2257,
perc_seniors_below_poverty_1y,2012, North Carolina,Rowan County,37159,,2298,
perc_seniors_below_poverty_1y,2012, North Carolina,Rutherford County,37161,,902,
perc_seniors_below_poverty_1y,2012, North Carolina,Surry County,37171,,1712,
perc_seniors_below_poverty_1y,2012, North Carolina,Union County,37179,,1413,
perc_seniors_below_poverty_1y,2012, North Carolina,Wake County,37183,0.064920895,5712,87984
perc_seniors_below_poverty_1y,2012, North Carolina,Wayne County,37191,,1991,
perc_seniors_below_poverty_1y,2012, North Carolina,Wilkes County,37193,,1814,
perc_seniors_below_poverty_1y,2012, North Carolina,Wilson County,37195,,1333,
perc_seniors_below_poverty_1y,2012, North Dakota,Burleigh County,38015,,601,
perc_seniors_below_poverty_1y,2012, North Dakota,Cass County,38017,,1179,
perc_seniors_below_poverty_1y,2012, North Dakota,Grand Forks County,38035,,752,
perc_seniors_below_poverty_1y,2012, Ohio,Allen County,39003,,1098,
perc_seniors_below_poverty_1y,2012, Ohio,Ashtabula County,39007,,1612,
perc_seniors_below_poverty_1y,2012, Ohio,Belmont County,39013,,1036,
perc_seniors_below_poverty_1y,2012, Ohio,Butler County,39017,,2845,
perc_seniors_below_poverty_1y,2012, Ohio,Clark County,39023,,1536,
perc_seniors_below_poverty_1y,2012, Ohio,Clermont County,39025,,1617,
perc_seniors_below_poverty_1y,2012, Ohio,Columbiana County,39029,,1466,
perc_seniors_below_poverty_1y,2012, Ohio,Cuyahoga County,39035,0.108895056,21927,201359
perc_seniors_below_poverty_1y,2012, Ohio,Delaware County,39041,,886,
perc_seniors_below_poverty_1y,2012, Ohio,Erie County,39043,,890,
perc_seniors_below_poverty_1y,2012, Ohio,Fairfield County,39045,,1032,
perc_seniors_below_poverty_1y,2012, Ohio,Franklin County,39049,0.078624062,9753,124046
perc_seniors_below_poverty_1y,2012, Ohio,Geauga County,39055,,916,
perc_seniors_below_poverty_1y,2012, Ohio,Greene County,39057,,1257,
perc_seniors_below_poverty_1y,2012, Ohio,Hamilton County,39061,0.085079886,9292,109215
perc_seniors_below_poverty_1y,2012, Ohio,Hancock County,39063,,594,
perc_seniors_below_poverty_1y,2012, Ohio,Jefferson County,39081,,1243,
perc_seniors_below_poverty_1y,2012, Ohio,Lake County,39085,,3171,
perc_seniors_below_poverty_1y,2012, Ohio,Licking County,39089,,1243,
perc_seniors_below_poverty_1y,2012, Ohio,Lorain County,39093,,3462,
perc_seniors_below_poverty_1y,2012, Ohio,Lucas County,39095,,5911,
perc_seniors_below_poverty_1y,2012, Ohio,Mahoning County,39099,,3973,
perc_seniors_below_poverty_1y,2012, Ohio,Marion County,39101,,597,
perc_seniors_below_poverty_1y,2012, Ohio,Medina County,39103,,1077,
perc_seniors_below_poverty_1y,2012, Ohio,Miami County,39109,,854,
perc_seniors_below_poverty_1y,2012, Ohio,Montgomery County,39113,0.079299338,6759,85234
perc_seniors_below_poverty_1y,2012, Ohio,Muskingum County,39119,,1123,
perc_seniors_below_poverty_1y,2012, Ohio,Portage County,39133,,701,
perc_seniors_below_poverty_1y,2012, Ohio,Richland County,39139,,1246,
perc_seniors_below_poverty_1y,2012, Ohio,Ross County,39141,,1133,
perc_seniors_below_poverty_1y,2012, Ohio,Scioto County,39145,,1385,
perc_seniors_below_poverty_1y,2012, Ohio,Stark County,39151,,4258,
perc_seniors_below_poverty_1y,2012, Ohio,Summit County,39153,0.065441497,5434,83036
perc_seniors_below_poverty_1y,2012, Ohio,Trumbull County,39155,,2639,
perc_seniors_below_poverty_1y,2012, Ohio,Tuscarawas County,39157,,1054,
perc_seniors_below_poverty_1y,2012, Ohio,Warren County,39165,,1045,
perc_seniors_below_poverty_1y,2012, Ohio,Wayne County,39169,,1160,
perc_seniors_below_poverty_1y,2012, Ohio,Wood County,39173,,684,
perc_seniors_below_poverty_1y,2012, Oklahoma,Canadian County,40017,,560,
perc_seniors_below_poverty_1y,2012, Oklahoma,Cleveland County,40027,,2729,
perc_seniors_below_poverty_1y,2012, Oklahoma,Comanche County,40031,,1454,
perc_seniors_below_poverty_1y,2012, Oklahoma,Creek County,40037,,791,
perc_seniors_below_poverty_1y,2012, Oklahoma,Muskogee County,40101,,1158,
perc_seniors_below_poverty_1y,2012, Oklahoma,Oklahoma County,40109,0.088967815,8041,90381
perc_seniors_below_poverty_1y,2012, Oklahoma,Payne County,40119,,413,
perc_seniors_below_poverty_1y,2012, Oklahoma,Pottawatomie County,40125,,813,
perc_seniors_below_poverty_1y,2012, Oklahoma,Rogers County,40131,,963,
perc_seniors_below_poverty_1y,2012, Oklahoma,Tulsa County,40143,0.076624118,5895,76934
perc_seniors_below_poverty_1y,2012, Oklahoma,Wagoner County,40145,,709,
perc_seniors_below_poverty_1y,2012, Oregon,Benton County,41003,,365,
perc_seniors_below_poverty_1y,2012, Oregon,Clackamas County,41005,,3197,
perc_seniors_below_poverty_1y,2012, Oregon,Deschutes County,41017,,1743,
perc_seniors_below_poverty_1y,2012, Oregon,Douglas County,41019,,2205,
perc_seniors_below_poverty_1y,2012, Oregon,Jackson County,41029,,2824,
perc_seniors_below_poverty_1y,2012, Oregon,Josephine County,41033,,1159,
perc_seniors_below_poverty_1y,2012, Oregon,Klamath County,41035,,1332,
perc_seniors_below_poverty_1y,2012, Oregon,Lane County,41039,,3987,
perc_seniors_below_poverty_1y,2012, Oregon,Linn County,41043,,1496,
perc_seniors_below_poverty_1y,2012, Oregon,Marion County,41047,,2335,
perc_seniors_below_poverty_1y,2012, Oregon,Multnomah County,41051,0.092022449,7837,85164
perc_seniors_below_poverty_1y,2012, Oregon,Polk County,41053,,924,
perc_seniors_below_poverty_1y,2012, Oregon,Umatilla County,41059,,621,
perc_seniors_below_poverty_1y,2012, Oregon,Washington County,41067,,3826,
perc_seniors_below_poverty_1y,2012, Oregon,Yamhill County,41071,,1261,
perc_seniors_below_poverty_1y,2012, Pennsylvania,Adams County,42001,,1280,
perc_seniors_below_poverty_1y,2012, Pennsylvania,Allegheny County,42003,0.075236402,15674,208330
perc_seniors_below_poverty_1y,2012, Pennsylvania,Armstrong County,42005,,1350,
perc_seniors_below_poverty_1y,2012, Pennsylvania,Beaver County,42007,,2721,
perc_seniors_below_poverty_1y,2012, Pennsylvania,Berks County,42011,,5104,
perc_seniors_below_poverty_1y,2012, Pennsylvania,Blair County,42013,,2313,
perc_seniors_below_poverty_1y,2012, Pennsylvania,Bucks County,42017,0.067339793,6576,97654
perc_seniors_below_poverty_1y,2012, Pennsylvania,Butler County,42019,,2140,
perc_seniors_below_poverty_1y,2012, Pennsylvania,Cambria County,42021,,2452,
perc_seniors_below_poverty_1y,2012, Pennsylvania,Carbon County,42025,,926,
perc_seniors_below_poverty_1y,2012, Pennsylvania,Centre County,42027,,748,
perc_seniors_below_poverty_1y,2012, Pennsylvania,Chester County,42029,0.05469032,3789,69281
perc_seniors_below_poverty_1y,2012, Pennsylvania,Clearfield County,42033,,1153,
perc_seniors_below_poverty_1y,2012, Pennsylvania,Columbia County,42037,,1192,
perc_seniors_below_poverty_1y,2012, Pennsylvania,Crawford County,42039,,1072,
perc_seniors_below_poverty_1y,2012, Pennsylvania,Cumberland County,42041,,2363,
perc_seniors_below_poverty_1y,2012, Pennsylvania,Dauphin County,42043,,2612,
perc_seniors_below_poverty_1y,2012, Pennsylvania,Delaware County,42045,0.073817328,6059,82081
perc_seniors_below_poverty_1y,2012, Pennsylvania,Erie County,42049,,3806,
perc_seniors_below_poverty_1y,2012, Pennsylvania,Fayette County,42051,,2272,
perc_seniors_below_poverty_1y,2012, Pennsylvania,Franklin County,42055,,1143,
perc_seniors_below_poverty_1y,2012, Pennsylvania,Indiana County,42063,,1246,
perc_seniors_below_poverty_1y,2012, Pennsylvania,Lackawanna County,42069,,3661,
perc_seniors_below_poverty_1y,2012, Pennsylvania,Lancaster County,42071,0.068088986,5601,82260
perc_seniors_below_poverty_1y,2012, Pennsylvania,Lawrence County,42073,,1289,
perc_seniors_below_poverty_1y,2012, Pennsylvania,Lebanon County,42075,,1172,
perc_seniors_below_poverty_1y,2012, Pennsylvania,Lehigh County,42077,,2615,
perc_seniors_below_poverty_1y,2012, Pennsylvania,Luzerne County,42079,,5510,
perc_seniors_below_poverty_1y,2012, Pennsylvania,Lycoming County,42081,,1391,
perc_seniors_below_poverty_1y,2012, Pennsylvania,Mercer County,42085,,1405,
perc_seniors_below_poverty_1y,2012, Pennsylvania,Monroe County,42089,,1648,
perc_seniors_below_poverty_1y,2012, Pennsylvania,Montgomery County,42091,0.060548916,7706,127269
perc_seniors_below_poverty_1y,2012, Pennsylvania,Northampton County,42095,,2742,
perc_seniors_below_poverty_1y,2012, Pennsylvania,Northumberland County,42097,,1850,
perc_seniors_below_poverty_1y,2012, Pennsylvania,Philadelphia County,42101,0.16391778,30988,189046
perc_seniors_below_poverty_1y,2012, Pennsylvania,Schuylkill County,42107,,2164,
perc_seniors_below_poverty_1y,2012, Pennsylvania,Somerset County,42111,,1478,
perc_seniors_below_poverty_1y,2012, Pennsylvania,Washington County,42125,,1827,
perc_seniors_below_poverty_1y,2012, Pennsylvania,Westmoreland County,42129,,4366,
perc_seniors_below_poverty_1y,2012, Pennsylvania,York County,42133,,3716,
perc_seniors_below_poverty_1y,2012, Puerto Rico,Arecibo Municipio,72013,,7386,
perc_seniors_below_poverty_1y,2012, Puerto Rico,Bayamón Municipio,72021,,12405,
perc_seniors_below_poverty_1y,2012, Puerto Rico,Caguas Municipio,72025,,8755,
perc_seniors_below_poverty_1y,2012, Puerto Rico,Carolina Municipio,72031,,7139,
perc_seniors_below_poverty_1y,2012, Puerto Rico,Guaynabo Municipio,72061,,4509,
perc_seniors_below_poverty_1y,2012, Puerto Rico,Mayagüez Municipio,72097,,5522,
perc_seniors_below_poverty_1y,2012, Puerto Rico,Ponce Municipio,72113,,10767,
perc_seniors_below_poverty_1y,2012, Puerto Rico,San Juan Municipio,72127,,20949,
perc_seniors_below_poverty_1y,2012, Puerto Rico,Toa Alta Municipio,72135,,3139,
perc_seniors_below_poverty_1y,2012, Puerto Rico,Toa Baja Municipio,72137,,4577,
perc_seniors_below_poverty_1y,2012, Puerto Rico,Trujillo Alto Municipio,72139,,3011,
perc_seniors_below_poverty_1y,2012, Rhode Island,Kent County,44003,,2177,
perc_seniors_below_poverty_1y,2012, Rhode Island,Newport County,44005,,1007,
perc_seniors_below_poverty_1y,2012, Rhode Island,Providence County,44007,0.113162696,9806,86654
perc_seniors_below_poverty_1y,2012, Rhode Island,Washington County,44009,,708,
perc_seniors_below_poverty_1y,2012, South Carolina,Aiken County,45003,,2103,
perc_seniors_below_poverty_1y,2012, South Carolina,Anderson County,45007,,3781,
perc_seniors_below_poverty_1y,2012, South Carolina,Beaufort County,45013,,2550,
perc_seniors_below_poverty_1y,2012, South Carolina,Berkeley County,45015,,1432,
perc_seniors_below_poverty_1y,2012, South Carolina,Charleston County,45019,,4214,
perc_seniors_below_poverty_1y,2012, South Carolina,Darlington County,45031,,1593,
perc_seniors_below_poverty_1y,2012, South Carolina,Dorchester County,45035,,929,
perc_seniors_below_poverty_1y,2012, South Carolina,Florence County,45041,,2475,
perc_seniors_below_poverty_1y,2012, South Carolina,Greenville County,45045,,6552,
perc_seniors_below_poverty_1y,2012, South Carolina,Greenwood County,45047,,1085,
perc_seniors_below_poverty_1y,2012, South Carolina,Horry County,45051,,3351,
perc_seniors_below_poverty_1y,2012, South Carolina,Lancaster County,45057,,1641,
perc_seniors_below_poverty_1y,2012, South Carolina,Laurens County,45059,,638,
perc_seniors_below_poverty_1y,2012, South Carolina,Lexington County,45063,,2134,
perc_seniors_below_poverty_1y,2012, South Carolina,Oconee County,45073,,1416,
perc_seniors_below_poverty_1y,2012, South Carolina,Orangeburg County,45075,,1964,
perc_seniors_below_poverty_1y,2012, South Carolina,Pickens County,45077,,1630,
perc_seniors_below_poverty_1y,2012, South Carolina,Richland County,45079,,4196,
perc_seniors_below_poverty_1y,2012, South Carolina,Spartanburg County,45083,,5468,
perc_seniors_below_poverty_1y,2012, South Carolina,Sumter County,45085,,1251,
perc_seniors_below_poverty_1y,2012, South Carolina,York County,45091,,2602,
perc_seniors_below_poverty_1y,2012, South Dakota,Minnehaha County,46099,,1656,
perc_seniors_below_poverty_1y,2012, South Dakota,Pennington County,46103,,826,
perc_seniors_below_poverty_1y,2012, Tennessee,Anderson County,47001,,644,
perc_seniors_below_poverty_1y,2012, Tennessee,Blount County,47009,,1710,
perc_seniors_below_poverty_1y,2012, Tennessee,Bradley County,47011,,1067,
perc_seniors_below_poverty_1y,2012, Tennessee,Davidson County,47037,0.091751471,6347,69176
perc_seniors_below_poverty_1y,2012, Tennessee,Greene County,47059,,1406,
perc_seniors_below_poverty_1y,2012, Tennessee,Hamilton County,47065,,3894,
perc_seniors_below_poverty_1y,2012, Tennessee,Knox County,47093,,5124,
perc_seniors_below_poverty_1y,2012, Tennessee,Madison County,47113,,1640,
perc_seniors_below_poverty_1y,2012, Tennessee,Maury County,47119,,1154,
perc_seniors_below_poverty_1y,2012, Tennessee,Montgomery County,47125,,757,
perc_seniors_below_poverty_1y,2012, Tennessee,Putnam County,47141,,1165,
perc_seniors_below_poverty_1y,2012, Tennessee,Robertson County,47147,,603,
perc_seniors_below_poverty_1y,2012, Tennessee,Rutherford County,47149,,2128,
perc_seniors_below_poverty_1y,2012, Tennessee,Sevier County,47155,,1064,
perc_seniors_below_poverty_1y,2012, Tennessee,Shelby County,47157,0.123819798,12511,101042
perc_seniors_below_poverty_1y,2012, Tennessee,Sullivan County,47163,,2796,
perc_seniors_below_poverty_1y,2012, Tennessee,Sumner County,47165,,936,
perc_seniors_below_poverty_1y,2012, Tennessee,Washington County,47179,,1017,
perc_seniors_below_poverty_1y,2012, Tennessee,Williamson County,47187,,1240,
perc_seniors_below_poverty_1y,2012, Tennessee,Wilson County,47189,,693,
perc_seniors_below_poverty_1y,2012, Texas,Angelina County,48005,,1417,
perc_seniors_below_poverty_1y,2012, Texas,Bastrop County,48021,,685,
perc_seniors_below_poverty_1y,2012, Texas,Bell County,48027,,2443,
perc_seniors_below_poverty_1y,2012, Texas,Bexar County,48029,0.119761355,22944,191581
perc_seniors_below_poverty_1y,2012, Texas,Bowie County,48037,,1025,
perc_seniors_below_poverty_1y,2012, Texas,Brazoria County,48039,,2987,
perc_seniors_below_poverty_1y,2012, Texas,Brazos County,48041,,2021,
perc_seniors_below_poverty_1y,2012, Texas,Cameron County,48061,,13338,
perc_seniors_below_poverty_1y,2012, Texas,Collin County,48085,0.081552781,5939,72824
perc_seniors_below_poverty_1y,2012, Texas,Comal County,48091,,1228,
perc_seniors_below_poverty_1y,2012, Texas,Coryell County,48099,,505,
perc_seniors_below_poverty_1y,2012, Texas,Dallas County,48113,0.12058948,27126,224945
perc_seniors_below_poverty_1y,2012, Texas,Denton County,48121,,3315,
perc_seniors_below_poverty_1y,2012, Texas,Ector County,48135,,1892,
perc_seniors_below_poverty_1y,2012, Texas,El Paso County,48141,0.190952361,16728,87603
perc_seniors_below_poverty_1y,2012, Texas,Ellis County,48139,,1474,
perc_seniors_below_poverty_1y,2012, Texas,Fort Bend County,48157,,3345,
perc_seniors_below_poverty_1y,2012, Texas,Galveston County,48167,,2644,
perc_seniors_below_poverty_1y,2012, Texas,Grayson County,48181,,1319,
perc_seniors_below_poverty_1y,2012, Texas,Gregg County,48183,,1186,
perc_seniors_below_poverty_1y,2012, Texas,Guadalupe County,48187,,2468,
perc_seniors_below_poverty_1y,2012, Texas,Harris County,48201,0.118220665,43681,369487
perc_seniors_below_poverty_1y,2012, Texas,Harrison County,48203,,920,
perc_seniors_below_poverty_1y,2012, Texas,Hays County,48209,,679,
perc_seniors_below_poverty_1y,2012, Texas,Henderson County,48213,,1285,
perc_seniors_below_poverty_1y,2012, Texas,Hidalgo County,48215,0.260622621,20603,79053
perc_seniors_below_poverty_1y,2012, Texas,Hunt County,48231,,1030,
perc_seniors_below_poverty_1y,2012, Texas,Jefferson County,48245,,3284,
perc_seniors_below_poverty_1y,2012, Texas,Johnson County,48251,,1203,
perc_seniors_below_poverty_1y,2012, Texas,Kaufman County,48257,,2285,
perc_seniors_below_poverty_1y,2012, Texas,Liberty County,48291,,510,
perc_seniors_below_poverty_1y,2012, Texas,Lubbock County,48303,,2507,
perc_seniors_below_poverty_1y,2012, Texas,McLennan County,48309,,3128,
perc_seniors_below_poverty_1y,2012, Texas,Midland County,48329,,906,
perc_seniors_below_poverty_1y,2012, Texas,Montgomery County,48339,,4156,
perc_seniors_below_poverty_1y,2012, Texas,Nacogdoches County,48347,,1253,
perc_seniors_below_poverty_1y,2012, Texas,Nueces County,48355,,4675,
perc_seniors_below_poverty_1y,2012, Texas,Orange County,48361,,943,
perc_seniors_below_poverty_1y,2012, Texas,Parker County,48367,,1234,
perc_seniors_below_poverty_1y,2012, Texas,Potter County,48375,,1901,
perc_seniors_below_poverty_1y,2012, Texas,Randall County,48381,,705,
perc_seniors_below_poverty_1y,2012, Texas,Rockwall County,48397,,307,
perc_seniors_below_poverty_1y,2012, Texas,San Patricio County,48409,,1110,
perc_seniors_below_poverty_1y,2012, Texas,Smith County,48423,,4883,
perc_seniors_below_poverty_1y,2012, Texas,Tarrant County,48439,0.087320767,15718,180003
perc_seniors_below_poverty_1y,2012, Texas,Taylor County,48441,,2152,
perc_seniors_below_poverty_1y,2012, Texas,Tom Green County,48451,,1482,
perc_seniors_below_poverty_1y,2012, Texas,Travis County,48453,0.076107562,6504,85458
perc_seniors_below_poverty_1y,2012, Texas,Victoria County,48469,,1500,
perc_seniors_below_poverty_1y,2012, Texas,Walker County,48471,,250,
perc_seniors_below_poverty_1y,2012, Texas,Webb County,48479,,4447,
perc_seniors_below_poverty_1y,2012, Texas,Wichita County,48485,,1186,
perc_seniors_below_poverty_1y,2012, Texas,Williamson County,48491,,2064,
perc_seniors_below_poverty_1y,2012, Utah,Cache County,49005,,586,
perc_seniors_below_poverty_1y,2012, Utah,Davis County,49011,,1675,
perc_seniors_below_poverty_1y,2012, Utah,Salt Lake County,49035,0.071954489,6919,96158
perc_seniors_below_poverty_1y,2012, Utah,Utah County,49049,,2193,
perc_seniors_below_poverty_1y,2012, Utah,Washington County,49053,,1553,
perc_seniors_below_poverty_1y,2012, Utah,Weber County,49057,,1937,
perc_seniors_below_poverty_1y,2012, Vermont,Chittenden County,50007,,1287,
perc_seniors_below_poverty_1y,2012, Virginia,Albemarle County,51003,,470,
perc_seniors_below_poverty_1y,2012, Virginia,Alexandria city,51510,,1224,
perc_seniors_below_poverty_1y,2012, Virginia,Arlington County,51013,,1526,
perc_seniors_below_poverty_1y,2012, Virginia,Augusta County,51015,,523,
perc_seniors_below_poverty_1y,2012, Virginia,Bedford County,51019,,578,
perc_seniors_below_poverty_1y,2012, Virginia,Chesapeake city,51550,,1873,
perc_seniors_below_poverty_1y,2012, Virginia,Chesterfield County,51041,,1403,
perc_seniors_below_poverty_1y,2012, Virginia,Fairfax County,51059,0.03766799,4493,119279
perc_seniors_below_poverty_1y,2012, Virginia,Fauquier County,51061,,606,
perc_seniors_below_poverty_1y,2012, Virginia,Frederick County,51069,,740,
perc_seniors_below_poverty_1y,2012, Virginia,Hampton city,51650,,1210,
perc_seniors_below_poverty_1y,2012, Virginia,Hanover County,51085,,782,
perc_seniors_below_poverty_1y,2012, Virginia,Henrico County,51087,,2152,
perc_seniors_below_poverty_1y,2012, Virginia,James City County,51095,,893,
perc_seniors_below_poverty_1y,2012, Virginia,Loudoun County,51107,,1358,
perc_seniors_below_poverty_1y,2012, Virginia,Lynchburg city,51680,,1383,
perc_seniors_below_poverty_1y,2012, Virginia,Montgomery County,51121,,328,
perc_seniors_below_poverty_1y,2012, Virginia,Newport News city,51700,,1740,
perc_seniors_below_poverty_1y,2012, Virginia,Norfolk city,51710,,2681,
perc_seniors_below_poverty_1y,2012, Virginia,Portsmouth city,51740,,1647,
perc_seniors_below_poverty_1y,2012, Virginia,Prince William County,51153,,750,
perc_seniors_below_poverty_1y,2012, Virginia,Richmond city,51760,,4069,
perc_seniors_below_poverty_1y,2012, Virginia,Roanoke County,51161,,1034,
perc_seniors_below_poverty_1y,2012, Virginia,Roanoke city,51770,,1239,
perc_seniors_below_poverty_1y,2012, Virginia,Rockingham County,51165,,1317,
perc_seniors_below_poverty_1y,2012, Virginia,Spotsylvania County,51177,,725,
perc_seniors_below_poverty_1y,2012, Virginia,Stafford County,51179,,777,
perc_seniors_below_poverty_1y,2012, Virginia,Suffolk city,51800,,872,
perc_seniors_below_poverty_1y,2012, Virginia,Virginia Beach city,51810,,2465,
perc_seniors_below_poverty_1y,2012, Virginia,York County,51199,,531,
perc_seniors_below_poverty_1y,2012, Washington,Benton County,53005,,1300,
perc_seniors_below_poverty_1y,2012, Washington,Chelan County,53007,,1018,
perc_seniors_below_poverty_1y,2012, Washington,Clallam County,53009,,1093,
perc_seniors_below_poverty_1y,2012, Washington,Clark County,53011,,4836,
perc_seniors_below_poverty_1y,2012, Washington,Cowlitz County,53015,,1149,
perc_seniors_below_poverty_1y,2012, Washington,Franklin County,53021,,367,
perc_seniors_below_poverty_1y,2012, Washington,Grant County,53025,,839,
perc_seniors_below_poverty_1y,2012, Washington,Grays Harbor County,53027,,1182,
perc_seniors_below_poverty_1y,2012, Washington,Island County,53029,,596,
perc_seniors_below_poverty_1y,2012, Washington,King County,53033,0.090040185,20904,232163
perc_seniors_below_poverty_1y,2012, Washington,Kitsap County,53035,,2256,
perc_seniors_below_poverty_1y,2012, Washington,Lewis County,53041,,903,
perc_seniors_below_poverty_1y,2012, Washington,Pierce County,53053,0.080399863,7729,96132
perc_seniors_below_poverty_1y,2012, Washington,Skagit County,53057,,1028,
perc_seniors_below_poverty_1y,2012, Washington,Snohomish County,53061,0.061598428,5073,82356
perc_seniors_below_poverty_1y,2012, Washington,Spokane County,53063,,5877,
perc_seniors_below_poverty_1y,2012, Washington,Thurston County,53067,,1586,
perc_seniors_below_poverty_1y,2012, Washington,Whatcom County,53073,,1905,
perc_seniors_below_poverty_1y,2012, Washington,Yakima County,53077,,3634,
perc_seniors_below_poverty_1y,2012, West Virginia,Berkeley County,54003,,902,
perc_seniors_below_poverty_1y,2012, West Virginia,Cabell County,54011,,1204,
perc_seniors_below_poverty_1y,2012, West Virginia,Harrison County,54033,,1048,
perc_seniors_below_poverty_1y,2012, West Virginia,Kanawha County,54039,,2058,
perc_seniors_below_poverty_1y,2012, West Virginia,Monongalia County,54061,,867,
perc_seniors_below_poverty_1y,2012, West Virginia,Raleigh County,54081,,705,
perc_seniors_below_poverty_1y,2012, West Virginia,Wood County,54107,,918,
perc_seniors_below_poverty_1y,2012, Wisconsin,Brown County,55009,,3387,
perc_seniors_below_poverty_1y,2012, Wisconsin,Dane County,55025,,2061,
perc_seniors_below_poverty_1y,2012, Wisconsin,Dodge County,55027,,932,
perc_seniors_below_poverty_1y,2012, Wisconsin,Eau Claire County,55035,,1025,
perc_seniors_below_poverty_1y,2012, Wisconsin,Fond du Lac County,55039,,987,
perc_seniors_below_poverty_1y,2012, Wisconsin,Jefferson County,55055,,975,
perc_seniors_below_poverty_1y,2012, Wisconsin,Kenosha County,55059,,1407,
perc_seniors_below_poverty_1y,2012, Wisconsin,La Crosse County,55063,,1346,
perc_seniors_below_poverty_1y,2012, Wisconsin,Manitowoc County,55071,,839,
perc_seniors_below_poverty_1y,2012, Wisconsin,Marathon County,55073,,1242,
perc_seniors_below_poverty_1y,2012, Wisconsin,Milwaukee County,55079,0.105353922,11791,111918
perc_seniors_below_poverty_1y,2012, Wisconsin,Outagamie County,55087,,1437,
perc_seniors_below_poverty_1y,2012, Wisconsin,Ozaukee County,55089,,735,
perc_seniors_below_poverty_1y,2012, Wisconsin,Portage County,55097,,648,
perc_seniors_below_poverty_1y,2012, Wisconsin,Racine County,55101,,1658,
perc_seniors_below_poverty_1y,2012, Wisconsin,Rock County,55105,,1495,
perc_seniors_below_poverty_1y,2012, Wisconsin,Sheboygan County,55117,,1380,
perc_seniors_below_poverty_1y,2012, Wisconsin,St. Croix County,55109,,308,
perc_seniors_below_poverty_1y,2012, Wisconsin,Walworth County,55127,,650,
perc_seniors_below_poverty_1y,2012, Wisconsin,Washington County,55131,,632,
perc_seniors_below_poverty_1y,2012, Wisconsin,Waukesha County,55133,,2555,
perc_seniors_below_poverty_1y,2012, Wisconsin,Winnebago County,55139,,1789,
perc_seniors_below_poverty_1y,2012, Wisconsin,Wood County,55141,,758,
perc_seniors_below_poverty_1y,2012, Wyoming,Laramie County,56021,,361,
perc_seniors_below_poverty_1y,2012, Wyoming,Natrona County,56025,,729,
